Codice comune,Popolazione al 1/1/19
1001,2635
1002,3681
1003,453
1004,1646
1006,6378
1007,242
1008,16379
1009,2013
1010,499
1011,863
1012,1075
1013,12563
1014,1258
1015,800
1016,3163
1017,542
1018,3680
1019,111
1020,3239
1021,1604
1022,3149
1023,589
1024,17936
1025,3463
1026,545
1027,2167
1028,11912
1029,588
1030,3672
1031,788
1032,2209
1033,3133
1034,8738
1035,4616
1036,394
1037,436
1038,8696
1039,1528
1040,1526
1041,1351
1042,1144
1043,1636
1044,5941
1045,6407
1046,3416
1047,7544
1048,5980
1049,1341
1050,1232
1051,5635
1052,277
1053,2620
1054,576
1055,2085
1056,902
1057,771
1058,9274
1059,28969
1060,1887
1061,1511
1062,3030
1063,13958
1064,1782
1065,2244
1066,9946
1067,430
1068,6501
1069,2059
1070,5492
1071,1809
1072,1045
1073,167
1074,943
1075,368
1076,1612
1077,2058
1078,36958
1079,233
1080,887
1081,1622
1082,26909
1083,388
1084,252
1085,330
1086,18576
1087,210
1088,1497
1089,3236
1090,49686
1091,316
1092,573
1093,4596
1094,3209
1095,486
1096,989
1097,7895
1098,9677
1099,8863
1100,251
1101,5247
1102,2265
1103,510
1104,2667
1105,769
1106,2319
1107,3336
1108,280
1109,1641
1110,2866
1111,552
1112,9559
1113,1166
1114,609
1115,16386
1116,3939
1117,676
1118,199
1119,1025
1120,37592
1121,44
1122,702
1123,383
1124,387
1125,23442
1126,1803
1127,8846
1128,5015
1129,1436
1130,16456
1131,207
1132,1820
1133,442
1134,1438
1135,1735
1136,1045
1137,1166
1139,7248
1140,496
1141,569
1142,1169
1143,417
1144,1306
1145,54
1146,3846
1147,669
1148,4142
1149,788
1150,1231
1152,797
1153,390
1154,649
1155,346
1156,57527
1157,35
1158,720
1159,996
1160,3401
1161,5180
1162,854
1163,843
1164,47494
1165,116
1166,6817
1167,286
1168,8022
1169,538
1170,1489
1171,23352
1172,774
1173,1153
1174,917
1175,3371
1176,1227
1177,837
1178,2091
1179,430
1180,1135
1181,3848
1183,4045
1184,3171
1185,520
1186,645
1187,758
1188,617
1189,15391
1190,2937
1191,36119
1192,8402
1193,3806
1194,18366
1195,3370
1196,1365
1197,10412
1198,1011
1199,3290
1200,1034
1201,775
1202,239
1203,1905
1204,224
1205,1283
1206,753
1207,514
1208,331
1209,345
1210,1030
1211,1774
1212,49
1213,1153
1214,20068
1215,4749
1216,2586
1217,12462
1218,1592
1219,48542
1220,3066
1221,1714
1222,2034
1223,2651
1224,300
1225,1887
1226,237
1227,797
1228,4957
1229,2373
1230,777
1231,1850
1232,617
1233,473
1234,77
1235,1581
1236,6030
1237,4024
1238,354
1239,540
1240,4908
1241,3752
1242,1761
1243,3193
1244,2567
1245,967
1246,3355
1247,817
1248,10314
1249,18910
1250,1416
1251,253
1252,3117
1253,1936
1254,3617
1255,4707
1256,4248
1257,10739
1258,247
1259,1096
1260,3282
1261,830
1262,1448
1263,935
1264,472
1265,46999
1266,1532
1267,970
1268,270
1269,6290
1270,6256
1271,795
1272,875698
1273,2957
1274,601
1275,4587
1276,3825
1278,324
1279,526
1280,10858
1281,186
1282,201
1283,1412
1284,3921
1285,957
1286,775
1287,3056
1288,99
1289,830
1290,1447
1291,882
1292,33564
1293,4841
1294,1398
1295,796
1296,242
1298,528
1299,5163
1300,4616
1301,1212
1302,3455
1303,2892
1304,1055
1305,1967
1306,1069
1307,4048
1308,4659
1309,15144
1310,1173
1311,1268
1312,531
1313,1016
1314,15450
1315,8639
1316,7339
1317,1282
1318,1032
2002,708
2003,321
2004,2580
2006,862
2007,1442
2008,112
2009,227
2011,1916
2014,178
2015,2341
2016,12571
2017,2250
2021,863
2025,235
2029,76
2030,1059
2031,1123
2032,806
2033,223
2035,294
2041,58
2042,4426
2043,254
2045,88
2047,757
2048,250
2049,7786
2052,411
2054,1064
2057,192
2058,1103
2059,504
2061,7825
2062,857
2065,349
2066,338
2067,508
2068,833
2070,557
2071,4334
2072,824
2078,98
2079,1395
2082,763
2088,782
2089,219
2090,1187
2091,296
2093,1292
2096,138
2097,180
2102,578
2104,726
2107,4001
2108,399
2110,64
2113,135
2115,447
2116,2336
2118,567
2121,178
2122,929
2126,225
2127,105
2128,3916
2131,1544
2133,8468
2134,391
2135,362
2137,4891
2142,1194
2147,694
2148,7029
2150,3454
2152,1959
2156,7139
2158,46035
2163,427
2164,1564
2166,161
2170,157
2171,981
3001,1549
3002,953
3006,2196
3008,13952
3012,788
3016,9579
3018,1302
3019,1198
3021,1276
3022,1197
3023,2030
3024,21666
3025,5166
3026,2834
3027,1152
3030,2517
3032,10856
3036,2518
3037,938
3039,915
3040,1525
3041,864
3042,319
3043,9915
3044,383
3045,1172
3047,1343
3049,6764
3051,451
3052,1259
3055,1605
3058,2636
3060,1414
3062,2585
3065,2037
3066,2651
3068,15719
3069,1433
3070,1767
3073,3499
3076,5561
3077,1381
3079,4478
3082,4394
3083,563
3084,2211
3088,1658
3090,228
3091,1651
3093,1050
3095,2422
3097,1229
3098,794
3100,2494
3103,1809
3104,827
3106,104279
3108,14156
3109,2177
3112,1322
3114,2185
3115,952
3116,1374
3119,816
3120,1415
3121,2171
3122,1868
3129,963
3130,3894
3131,5621
3133,3055
3134,738
3135,1995
3138,562
3139,1430
3140,761
3141,1070
3143,2765
3144,470
3146,932
3149,20715
3153,992
3154,4914
3158,2053
3159,876
3164,561
3166,5263
4001,158
4002,220
4003,31506
4004,224
4005,130
4006,77
4007,199
4008,1020
4009,5953
4010,1060
4011,630
4012,7616
4013,690
4014,667
4015,212
4016,3448
4017,104
4018,368
4019,3665
4020,476
4021,56
4022,4156
4023,98
4024,385
4025,12442
4026,180
4027,638
4028,9818
4029,29656
4030,307
4031,40
4032,282
4033,1048
4034,10174
4035,594
4037,5609
4038,82
4039,97
4040,6757
4041,3090
4042,1147
4043,4386
4044,174
4045,1438
4046,2194
4047,158
4049,1380
4050,314
4051,924
4052,297
4053,60
4054,106
4055,699
4056,829
4057,486
4058,686
4059,5432
4060,88
4061,7018
4062,2054
4063,430
4064,5134
4065,2262
4066,5697
4067,9290
4068,3650
4069,185
4070,86
4071,805
4072,2146
4073,2271
4074,952
4075,3299
4076,365
4077,165
4078,56144
4079,1959
4080,3621
4081,4691
4082,7018
4083,94
4084,859
4085,1989
4086,1777
4087,488
4088,305
4089,24225
4090,752
4091,1530
4092,269
4093,583
4094,350
4095,3056
4096,2653
4097,273
4098,141
4099,2217
4100,2028
4101,3592
4102,65
4103,82
4104,1432
4105,2769
4106,464
4107,741
4108,829
4109,210
4110,1457
4111,188
4112,56
4113,2196
4114,2231
4115,1318
4116,3786
4117,3323
4118,1440
4119,61
4120,222
4121,747
4122,288
4123,217
4124,264
4125,610
4126,1291
4127,84
4128,1383
4129,578
4130,22406
4131,621
4132,1995
4133,4701
4134,556
4135,846
4136,749
4137,485
4138,229
4139,526
4140,1604
4141,234
4142,2367
4143,4082
4144,2004
4145,832
4146,949
4147,3496
4148,3456
4149,369
4150,361
4151,1015
4152,983
4153,410
4154,78
4155,1587
4156,85
4157,2713
4158,560
4159,295
4160,207
4161,269
4162,114
4163,5600
4164,343
4165,2108
4166,2738
4167,73
4168,1354
4169,980
4170,3328
4171,1140
4172,163
4173,230
4174,171
4175,523
4176,1991
4177,687
4178,423
4179,9940
4180,4273
4181,1044
4182,104
4183,107
4184,100
4185,2260
4186,491
4187,1552
4188,134
4189,1622
4190,2143
4191,743
4192,2653
4193,160
4194,1630
4195,413
4196,957
4197,866
4198,363
4199,507
4200,172
4201,1256
4202,724
4203,17253
4204,87
4205,993
4206,163
4207,408
4208,3042
4209,2354
4210,1933
4211,2365
4212,2870
4213,4027
4214,1370
4215,21605
4216,175
4217,2138
4218,575
4219,298
4220,511
4221,326
4222,6333
4223,2769
4224,103
4225,2157
4226,171
4227,476
4228,732
4229,48
4230,776
4231,309
4232,2246
4233,910
4234,777
4235,107
4237,1388
4238,560
4239,1152
4240,6424
4241,2285
4242,3123
4243,2575
4244,2904
4245,5794
4246,740
4247,1535
4248,605
4249,359
4250,512
5001,1592
5002,505
5003,961
5004,565
5005,76026
5006,368
5007,1135
5008,325
5009,415
5010,311
5011,837
5012,2542
5013,1730
5014,1278
5015,1244
5016,442
5017,10411
5018,995
5019,300
5020,618
5021,607
5022,3748
5023,1189
5024,609
5025,2671
5026,290
5027,156
5028,1928
5029,847
5030,733
5031,3167
5032,391
5033,702
5034,477
5035,219
5036,607
5037,388
5038,223
5039,443
5040,1224
5041,279
5042,1444
5044,223
5045,315
5046,280
5047,611
5048,551
5049,508
5050,5771
5051,483
5052,1047
5053,1556
5054,553
5055,748
5056,595
5057,609
5058,2186
5059,2030
5060,330
5061,257
5062,378
5063,511
5064,200
5065,1067
5066,2149
5067,1004
5068,917
5069,2861
5070,890
5071,894
5072,326
5073,941
5074,747
5075,1266
5076,2306
5077,1115
5079,189
5080,10290
5081,74
5082,433
5083,467
5084,579
5085,219
5086,606
5087,2027
5088,170
5089,1570
5090,786
5091,382
5092,484
5093,891
5094,395
5095,346
5096,1422
5097,8305
5098,111
5099,658
5100,1016
5101,1197
5103,545
5104,113
5105,263
5106,550
5107,146
5108,1719
5109,809
5110,237
5111,287
5112,2409
5113,608
5114,243
5115,879
5116,793
5117,3017
5118,5675
5119,381
5120,576
5121,1604
6001,19604
6002,300
6003,93631
6004,779
6005,746
6007,430
6008,350
6009,6368
6010,262
6011,1347
6012,2071
6013,1674
6014,507
6015,720
6016,154
6017,1794
6018,1957
6019,550
6020,1398
6021,2360
6022,1178
6023,334
6024,437
6025,503
6026,494
6027,751
6028,476
6029,1844
6030,1127
6031,318
6032,440
6033,948
6034,85
6035,500
6036,737
6037,1221
6038,382
6039,33725
6040,978
6041,132
6043,2943
6044,881
6045,89
6046,398
6047,4526
6048,149
6049,1960
6050,448
6051,1501
6052,700
6053,5124
6054,420
6055,269
6056,499
6057,403
6058,303
6059,1357
6060,453
6061,966
6062,327
6063,1068
6064,327
6065,173
6066,181
6067,610
6068,2253
6069,317
6070,505
6071,432
6072,500
6073,1381
6074,669
6075,1952
6076,1604
6077,1095
6078,826
6079,661
6081,4495
6082,704
6083,317
6084,241
6085,489
6086,303
6087,685
6088,820
6089,1077
6090,79
6091,1364
6092,1293
6093,186
6094,1309
6095,2065
6096,587
6097,1010
6098,210
6099,196
6100,156
6101,566
6102,252
6103,249
6104,637
6105,312
6106,537
6107,304
6108,301
6109,1390
6110,422
6111,721
6112,629
6113,1364
6114,28286
6115,1288
6116,423
6117,255
6118,113
6119,402
6120,614
6121,11299
6122,1234
6123,1402
6124,189
6125,533
6126,650
6127,1276
6128,1204
6129,901
6131,355
6132,3550
6133,1420
6134,568
6135,337
6136,1012
6137,291
6138,4669
6139,492
6140,1975
6141,1409
6142,1587
6143,647
6144,1405
6145,408
6146,124
6147,1474
6148,212
6149,1511
6150,334
6151,4043
6152,580
6153,1215
6154,4212
6155,583
6156,400
6157,395
6158,1173
6159,535
6160,6015
6161,1257
6162,1935
6163,1665
6164,212
6165,1007
6166,367
6167,2395
6168,1950
6169,1542
6170,628
6171,928
6172,851
6173,1333
6174,27291
6175,280
6176,679
6177,18634
6178,1004
6179,981
6180,2068
6181,3098
6182,487
6183,892
6184,306
6185,1861
6186,670
6187,1237
6188,1191
6189,132
6190,709
6191,1804
6192,1738
7001,211
7002,571
7003,34008
7004,1254
7005,870
7006,302
7007,1360
7008,2066
7009,118
7010,225
7011,960
7012,893
7013,753
7014,555
7015,929
7016,97
7017,717
7018,399
7019,2430
7020,4631
7021,1351
7022,2738
7023,2501
7024,509
7025,220
7026,493
7027,1792
7028,429
7029,458
7030,1737
7031,3378
7032,301
7033,811
7034,1145
7035,645
7036,397
7037,1373
7038,727
7039,107
7040,2016
7041,802
7042,447
7043,1756
7044,2112
7045,2964
7046,162
7047,207
7048,467
7049,1539
7050,179
7051,805
7052,3683
7053,1015
7054,4093
7055,79
7056,172
7057,1008
7058,3499
7059,375
7060,1344
7061,317
7062,194
7063,3201
7064,318
7065,4582
7066,4848
7067,569
7068,190
7069,598
7070,169
7071,2291
7072,1286
7073,2633
7074,1285
8001,392
8002,624
8003,156
8004,110
8005,322
8006,1114
8007,336
8008,10428
8009,431
8010,842
8011,5566
8012,271
8014,1249
8015,280
8016,1170
8017,1146
8018,273
8019,580
8020,522
8021,1253
8022,591
8023,196
8024,791
8025,707
8026,2245
8027,5833
8028,1132
8029,2082
8030,1360
8031,42450
8032,675
8033,291
8034,180
8035,603
8037,123
8038,207
8039,3274
8040,849
8041,458
8042,1361
8043,795
8044,854
8045,2302
8046,703
8047,475
8048,545
8049,321
8050,2824
8051,291
8052,3104
8053,1285
8054,1269
8055,54598
8056,2131
8057,294
8058,1015
8059,13916
8060,236
8061,364
8062,1311
8063,6988
8064,398
8065,24087
8066,270
8067,474
8068,517
9001,10749
9002,24091
9003,5356
9004,9882
9005,2008
9006,7500
9007,610
9008,540
9009,753
9010,1090
9011,2474
9012,4690
9013,2166
9014,359
9015,13005
9016,1695
9017,1455
9018,5477
9019,726
9020,319
9021,146
9022,5131
9023,3418
9024,5549
9025,2128
9026,1075
9027,1974
9028,227
9029,11540
9030,1245
9031,991
9032,432
9033,1778
9034,11108
9035,975
9036,1094
9037,107
9038,3349
9039,507
9040,819
9041,189
9042,2632
9043,214
9044,901
9045,1589
9046,467
9047,926
9048,806
9049,8731
9050,631
9051,818
9052,7053
9053,564
9054,761
9055,1742
9056,60442
9057,3677
9058,2986
9059,808
9060,187
9061,2655
9062,2549
9063,707
9064,8316
9065,12993
9066,365
9067,830
9068,2676
9069,311
10001,11416
10002,2508
10003,2659
10004,4522
10005,2016
10006,5490
10007,5241
10008,2854
10009,6728
10010,3740
10011,6868
10012,3164
10013,1598
10014,3756
10015,27537
10016,2441
10017,8938
10018,5683
10019,258
10020,527
10021,1875
10022,65
10023,459
10024,261
10025,578000
10026,88
10027,1477
10028,12566
10029,2425
10030,436
10031,1517
10032,3656
10033,2664
10034,1509
10035,3580
10036,2466
10037,2763
10038,225
10039,2005
10040,2260
10041,857
10042,537
10043,2505
10044,387
10045,141
10046,29692
10047,9632
10048,951
10049,4295
10050,62
10051,2651
10052,508
10053,2622
10054,9024
10055,5838
10056,1086
10057,3067
10058,7777
10059,18169
10060,4033
10061,525
10062,2228
10063,601
10064,2165
10065,782
10066,380
10067,2424
11001,4316
11002,10509
11003,2350
11004,7733
11005,829
11006,901
11007,1284
11008,1085
11009,527
11010,487
11011,8381
11012,1346
11013,6317
11014,645
11015,93229
11016,10053
11017,5388
11018,603
11019,1409
11020,8387
11021,556
11022,3510
11023,3625
11024,1483
11025,686
11026,9901
11027,22104
11028,1355
11029,1903
11030,800
11031,7347
11032,507
12001,399
12002,5251
12003,5489
12004,10066
12005,4897
12006,4686
12007,769
12008,1715
12009,1630
12010,646
12011,2566
12012,5596
12013,8984
12014,3314
12015,4309
12016,2217
12017,3231
12018,873
12019,1671
12020,1203
12021,814
12022,1223
12023,942
12024,1202
12025,3093
12026,83628
12027,2181
12028,1870
12029,7671
12030,4716
12031,2565
12032,14956
12033,6657
12034,17938
12035,4881
12036,2673
12037,1370
12038,3692
12039,5721
12040,21731
12041,671
12042,14516
12043,559
12044,1308
12045,1989
12046,7685
12047,5194
12048,5819
12049,828
12050,10412
12051,3878
12052,1914
12053,4740
12054,1185
12055,2904
12056,813
12057,597
12058,3593
12059,3079
12060,2906
12061,167
12062,3354
12063,1671
12064,3053
12065,1485
12066,128
12067,12498
12068,6796
12069,709
12070,53339
12071,994
12072,9327
12073,4617
12074,2881
12075,10908
12076,3954
12077,2699
12078,4942
12079,8364
12080,2193
12081,1270
12082,1067
12083,10311
12084,5309
12085,5256
12086,5895
12087,8685
12088,3766
12089,5029
12090,11726
12091,1250
12092,14306
12093,1330
12095,1276
12096,16730
12097,3491
12098,7936
12099,345
12100,299
12101,1815
12102,1573
12103,1489
12104,1954
12105,4276
12106,5011
12107,4332
12108,12541
12109,7880
12110,823
12111,818
12113,2942
12114,2360
12115,933
12116,1308
12117,3097
12118,16125
12119,39415
12120,11080
12121,4120
12122,5446
12123,17944
12124,6115
12125,3683
12126,2560
12127,18983
12128,4057
12129,223
12130,10656
12131,1599
12132,2490
12133,80559
12134,7427
12136,6097
12137,7378
12138,8716
12139,5264
12140,576
12141,1521
12142,2600
13003,6354
13004,4228
13005,2742
13006,1265
13007,4953
13009,1812
13010,7779
13011,654
13012,5087
13013,3579
13015,565
13021,330
13022,2767
13023,4831
13024,1654
13025,282
13026,1184
13028,6503
13029,2148
13030,329
13032,1710
13034,4104
13035,7493
13036,7995
13037,483
13040,1961
13041,40007
13042,5167
13043,5535
13044,1168
13045,2960
13046,4512
13047,3177
13048,6635
13052,1649
13053,4974
13055,3351
13058,1287
13059,889
13062,208
13063,536
13064,9236
13065,6701
13068,2136
13071,550
13074,506
13075,82522
13077,831
13083,677
13084,3408
13085,223
13087,619
13089,1479
13090,3356
13092,252
13095,16323
13097,2592
13098,1207
13099,4763
13100,3231
13101,5148
13102,9860
13106,739
13107,1037
13110,2842
13111,1313
13113,633
13114,5805
13118,9186
13119,918
13120,525
13121,2538
13123,473
13126,2050
13128,3853
13129,5971
13130,171
13131,4355
13133,9988
13134,1918
13135,2724
13136,5366
13137,2626
13138,9846
13139,676
13143,25191
13144,3331
13145,3101
13147,4106
13152,1598
13153,2370
13154,5274
13155,224
13157,2549
13159,8960
13160,972
13161,1212
13163,2853
13165,11682
13169,2379
13170,2736
13178,191
13183,1042
13184,235
13185,832
13186,681
13187,239
13188,4326
13189,4964
13192,927
13193,1372
13195,295
13197,1333
13199,1716
13201,7804
13202,6144
13203,507
13204,996
13206,7820
13207,298
13211,858
13212,3182
13216,1263
13217,646
13218,598
13222,5805
13223,1153
13226,231
13227,9507
13228,4957
13229,2639
13232,2683
13233,164
13234,1530
13236,218
13238,3053
13239,747
13242,4138
13245,8018
13246,199
13248,1724
13249,4197
13250,3707
13251,5416
13252,5141
13253,2946
13254,3546
13255,4658
14001,291
14002,3011
14003,563
14004,1555
14005,3260
14006,123
14007,4130
14008,1315
14009,4179
14010,2011
14011,1094
14012,936
14013,1374
14014,613
14015,1598
14016,434
14017,782
14018,7319
14019,2461
14020,2543
14021,340
14022,1107
14023,1386
14024,5528
14025,448
14026,3282
14027,3686
14028,557
14029,797
14030,582
14031,172
14032,1964
14033,4425
14034,1644
14035,519
14036,1313
14037,6636
14038,653
14039,747
14040,989
14041,945
14043,1806
14044,2996
14045,12405
14046,1899
14047,38
14048,1390
14049,2139
14050,1915
14051,1871
14052,2291
14053,676
14054,2959
14055,290
14056,558
14057,2880
14058,354
14059,489
14060,4071
14061,21590
14062,84
14063,4676
14064,199
14065,4561
14066,9011
14067,749
14068,640
14069,2798
14070,1988
14071,4150
14072,3637
14073,2566
14074,881
14075,1103
14076,212
14077,965
14078,2946
15002,32610
15005,4702
15007,6628
15009,19495
15010,12027
15011,9151
15012,17344
15014,3680
15015,8010
15016,3869
15019,3033
15022,2060
15024,7259
15026,4131
15027,36564
15032,26300
15035,2400
15036,27102
15038,4697
15040,8439
15041,13891
15042,1228
15044,7023
15046,12679
15050,4194
15051,15556
15055,4074
15058,5465
15059,19079
15060,13891
15061,1870
15062,11207
15070,34604
15071,5127
15072,15237
15074,23970
15076,14453
15077,75581
15078,4865
15081,47682
15082,2083
15085,18420
15086,20178
15087,20544
15093,34715
15096,8271
15097,4110
15098,18827
15099,6441
15101,3043
15103,9164
15105,27385
15106,8767
15108,20741
15110,3011
15112,1651
15113,8633
15114,10943
15115,9012
15116,25954
15118,60481
15122,4089
15125,10269
15130,24002
15131,9264
15134,6158
15136,3570
15139,12235
15140,18226
15142,18253
15144,4177
15146,1378689
15150,1084
15151,8062
15154,17121
15155,655
15157,20032
15158,4607
15159,13920
15164,4336
15165,1449
15166,46306
15167,6031
15168,27825
15169,11355
15170,11418
15171,23504
15172,9053
15173,15860
15175,37002
15176,8392
15177,6159
15178,8584
15179,7375
15181,14211
15182,50602
15183,4852
15184,6762
15185,4571
15188,5846
15189,42430
15191,7430
15192,32761
15194,6717
15195,38537
15200,5039
15201,8322
15202,4448
15204,12246
15205,35935
15206,21381
15209,81393
15210,7326
15211,20094
15213,14194
15219,5174
15220,21171
15221,12171
15222,3523
15224,5895
15226,7251
15229,9243
15230,9154
15235,3932
15236,3320
15237,9311
15242,16997
15243,9216
15244,4022
15246,1873
15247,6900
15248,6138
15249,5331
15250,11983
16001,2229
16002,822
16003,8294
16004,17805
16005,5538
16006,6295
16007,5674
16008,13655
16009,2370
16010,3258
16011,4849
16012,3458
16013,2711
16014,181
16015,563
16016,7597
16017,389
16018,4358
16019,698
16020,4250
16021,1984
16022,725
16023,2385
16024,121639
16025,1386
16026,604
16027,75
16028,6309
16029,6176
16030,10085
16031,6683
16032,1177
16033,986
16034,5151
16035,692
16036,711
16037,8562
16038,7852
16040,6008
16041,116
16042,5627
16043,6013
16044,5375
16046,8333
16047,4262
16048,606
16049,4438
16050,1241
16051,8158
16052,3072
16053,16259
16055,4738
16056,304
16057,4695
16058,4031
16059,4117
16060,3251
16061,108
16062,10432
16063,2820
16064,3419
16065,1299
16066,2639
16067,1661
16068,2545
16069,3875
16070,4263
16071,1605
16072,3474
16073,6108
16074,6318
16075,5560
16076,5176
16077,8607
16078,1120
16079,11184
16080,1664
16081,4419
16082,925
16083,1932
16084,3391
16085,576
16086,9063
16087,4109
16088,3497
16089,7534
16090,238
16091,23610
16092,908
16093,3435
16094,1999
16096,8024
16097,1293
16098,3132
16099,1130
16100,2987
16101,4492
16102,587
16103,186
16104,3119
16105,3436
16106,210
16107,992
16108,5386
16109,1457
16110,855
16111,5018
16113,6173
16114,5172
16115,6519
16116,1554
16117,6460
16118,1201
16119,912
16120,7411
16121,173
16122,654
16123,4082
16124,4421
16125,598
16126,3765
16127,812
16128,5193
16129,2847
16130,896
16131,4002
16132,6825
16133,10647
16134,161
16135,2991
16136,205
16137,1148
16139,3288
16140,2527
16141,2960
16142,4533
16143,7470
16144,11526
16145,497
16146,1008
16147,148
16148,588
16149,908
16150,1746
16151,148
16152,5300
16153,12555
16154,2097
16155,4063
16156,4488
16157,5756
16158,2725
16159,352
16160,6022
16161,1792
16162,1436
16163,1065
16164,1205
16165,387
16166,88
16167,1610
16168,1800
16169,6821
16170,11579
16171,3377
16172,4999
16173,4630
16174,1857
16175,1112
16176,4943
16177,1722
16178,5956
16179,1229
16180,922
16182,3866
16183,20625
16184,429
16185,767
16186,914
16187,4171
16188,4765
16189,5824
16190,4806
16191,542
16193,6756
16194,10011
16195,1157
16196,2493
16197,2035
16198,25385
16199,2066
16200,1794
16201,722
16202,9139
16203,4516
16204,5324
16205,1010
16206,5802
16207,13234
16208,1068
16209,3816
16210,545
16211,2026
16212,5068
16213,8062
16214,8777
16215,2126
16216,2478
16217,1082
16218,9765
16219,30092
16220,10890
16221,1384
16222,9984
16223,1032
16224,4319
16225,601
16226,134
16227,212
16229,267
16230,207
16232,7563
16233,8070
16234,4587
16235,1137
16236,1354
16237,580
16238,4687
16239,6667
16240,6780
16241,1849
16242,8188
16243,1458
16244,2760
16245,8739
16246,8883
16247,900
16248,668
16249,300
16250,2415
16251,2039
16252,3891
16253,4293
17001,1528
17002,7188
17003,1687
17004,2450
17005,487
17006,2362
17007,3609
17008,3394
17009,12637
17010,3845
17011,2304
17012,1176
17013,2328
17014,12369
17015,2782
17016,1615
17017,2489
17018,3804
17019,1362
17020,5402
17021,9277
17022,2598
17023,10857
17024,2128
17025,7532
17026,1707
17027,693
17028,4815
17029,198536
17030,721
17031,2131
17032,12993
17033,3543
17034,8497
17035,2448
17036,353
17037,4656
17038,9472
17039,13096
17040,8532
17041,6578
17042,10989
17043,11496
17044,1693
17045,7352
17046,10961
17047,1150
17048,4881
17049,669
17050,1864
17051,857
17052,19094
17053,1557
17054,540
17055,2742
17056,8664
17057,4643
17058,2066
17059,7564
17060,4000
17061,15697
17062,7156
17063,1953
17064,1423
17065,15691
17066,5622
17067,29158
17068,4525
17069,8694
17070,5225
17071,2055
17072,8921
17073,4677
17074,2653
17075,11509
17076,2823
17077,12280
17078,18669
17079,2132
17080,5151
17081,16739
17082,1862
17083,368
17084,128
17085,9168
17086,4106
17087,516
17088,14249
17089,1160
17090,1673
17091,3794
17092,16725
17093,571
17094,609
17095,405
17096,22130
17097,1472
17098,123
17099,3495
17100,1993
17101,3150
17102,5370
17103,13161
17104,4289
17105,659
17106,3165
17107,12440
17108,1747
17109,2596
17110,535
17111,1709
17112,4546
17113,25902
17114,5147
17115,774
17116,2679
17117,10790
17118,2027
17119,3994
17120,4781
17121,1916
17122,4061
17123,3220
17124,963
17125,12520
17126,2456
17127,14774
17128,1444
17129,4684
17130,3660
17131,185
17132,2125
17133,20104
17134,4832
17135,602
17136,7068
17137,2770
17138,4505
17139,543
17140,609
17141,1492
17142,4741
17143,7963
17144,2510
17145,2706
17146,3760
17147,5211
17148,1761
17149,7138
17150,6880
17151,3523
17152,2923
17153,1533
17155,6950
17156,7369
17157,915
17158,3458
17159,6295
17160,3382
17161,13551
17162,4739
17163,9776
17164,4515
17165,9453
17166,19320
17167,5810
17168,3951
17169,3347
17170,10521
17171,3427
17172,2628
17173,4763
17174,13289
17175,867
17176,1430
17177,1419
17178,3038
17179,8254
17180,1888
17181,1259
17182,1943
17183,1251
17184,1110
17185,1227
17186,6535
17187,7881
17188,13986
17189,2103
17190,5448
17191,519
17192,3751
17193,1441
17194,179
17195,8190
17196,3758
17197,4316
17198,1444
17199,10792
17200,1416
17201,5812
17202,667
17203,1978
17204,8142
17205,1049
17206,4696
18001,836
18002,233
18003,530
18004,3564
18005,1556
18006,359
18007,661
18008,847
18009,1719
18011,993
18012,661
18013,6209
18014,2664
18015,2704
18016,1458
18017,417
18018,975
18019,2711
18020,619
18021,553
18022,748
18023,3474
18024,9603
18025,111
18026,1095
18027,1556
18029,1379
18030,1459
18031,437
18032,881
18033,2485
18034,8779
18035,6934
18036,746
18037,6738
18038,1067
18039,1145
18040,563
18041,6750
18042,227
18043,2239
18044,188
18045,722
18046,5544
18047,1218
18048,3970
18049,1307
18050,5475
18051,979
18052,1599
18053,1679
18054,810
18057,1022
18058,396
18059,372
18060,4939
18061,4632
18062,1109
18063,825
18064,360
18065,1177
18066,195
18067,202
18068,9896
18069,9784
18071,1416
18072,5304
18073,3299
18074,193
18075,2740
18076,4454
18077,1490
18078,6417
18079,368
18080,1143
18081,2833
18082,130
18083,2131
18084,2451
18085,1705
18086,2501
18087,1668
18088,6524
18089,358
18090,1077
18091,479
18092,1351
18093,3733
18094,896
18095,1563
18096,532
18097,424
18098,279
18099,732
18100,1638
18101,612
18102,15407
18103,294
18104,710
18105,162
18106,1106
18107,1897
18108,300
18109,1905
18110,73086
18111,835
18112,860
18113,1930
18114,2660
18115,1685
18116,709
18117,784
18118,1482
18119,406
18120,1052
18121,1562
18122,5327
18123,5860
18124,542
18125,84
18126,218
18127,640
18128,669
18129,1561
18130,574
18131,883
18133,478
18134,640
18135,3870
18136,1055
18137,6439
18138,5414
18139,1949
18140,1617
18141,970
18142,475
18143,2293
18144,787
18145,569
18146,1593
18147,909
18148,207
18149,668
18150,6128
18151,1158
18152,570
18153,11578
18154,612
18155,1623
18156,581
18157,944
18158,315
18159,2425
18160,3519
18161,833
18162,4380
18163,2288
18164,3770
18165,1018
18166,625
18167,217
18168,2181
18169,1500
18171,3115
18172,95
18173,3331
18174,372
18175,1259
18176,6508
18177,63426
18178,72
18179,771
18180,2985
18181,1545
18182,39365
18183,125
18184,999
18185,1703
18186,1004
18187,474
18188,404
18189,1761
18190,3147
18191,848
18192,2577
18193,1088
19001,1173
19002,3918
19003,2036
19004,624
19005,4885
19006,1503
19007,596
19009,1194
19010,1245
19011,676
19012,2158
19013,546
19014,410
19015,2324
19016,3810
19017,1867
19018,1152
19019,541
19020,1802
19021,15445
19022,1622
19023,570
19024,445
19025,9483
19026,5685
19027,283
19028,500
19029,2271
19030,927
19031,1220
19032,1082
19033,1370
19034,1572
19035,34487
19036,72680
19037,1753
19038,650
19039,437
19040,306
19041,3825
19043,1200
19044,1047
19045,870
19046,1954
19047,1175
19048,1329
19049,621
19050,1487
19051,1748
19052,2710
19053,1168
19054,1988
19055,2838
19056,1719
19057,2069
19058,2290
19059,2503
19060,753
19061,893
19062,6084
19063,946
19064,2880
19065,1407
19066,3817
19067,9033
19068,3389
19069,1525
19070,632
19072,2519
19073,1133
19074,1277
19075,1596
19076,6432
19077,1470
19078,913
19079,1731
19080,997
19081,3397
19082,532
19083,1940
19084,8173
19085,2332
19086,3147
19087,1158
19088,2212
19089,1347
19090,1926
19091,408
19092,1346
19093,525
19094,3537
19095,3218
19096,939
19097,7608
19098,8929
19099,3096
19100,1476
19101,611
19102,6807
19103,1541
19104,429
19105,486
19106,458
19107,2081
19108,584
19109,2829
19110,1697
19111,3697
19112,4520
19113,3934
19114,492
19115,341
19116,3986
20001,2865
20002,10056
20003,5919
20007,4164
20008,4369
20010,2253
20011,2714
20012,1513
20013,3241
20014,4622
20015,12733
20016,5244
20017,23704
20018,3838
20019,2590
20020,1085
20021,14921
20022,3413
20024,2980
20025,2240
20026,10191
20027,8995
20028,5972
20029,1509
20030,49403
20031,6531
20032,775
20033,7807
20034,4091
20035,5458
20036,4947
20037,2575
20038,6607
20039,7042
20041,1704
20042,6647
20043,1705
20044,2405
20045,16578
20046,1172
20047,5523
20048,1264
20050,2532
20051,5283
20052,6971
20053,8718
20054,4162
20055,6961
20056,1533
20057,11873
20058,1217
20059,1714
20060,1161
20061,7285
20062,1475
20063,2689
20064,2028
20065,21313
20066,20154
20068,2189
20070,7326
20071,14831
20072,5529
20073,1983
21001,1656
21002,1030
21003,398
21004,14934
21005,778
21006,3505
21007,1755
21008,107739
21009,655
21010,2232
21011,22377
21012,2808
21013,16716
21014,395
21015,8104
21016,2656
21017,5496
21018,2298
21019,6855
21020,1527
21021,2887
21022,5215
21023,3430
21024,2239
21025,665
21026,1378
21027,2389
21028,3351
21029,5384
21030,2823
21031,3579
21032,1000
21033,2629
21034,3311
21035,1726
21036,900
21037,5214
21038,5005
21039,2715
21040,18073
21041,12511
21042,4045
21043,342
21044,1574
21045,1274
21046,5272
21047,3081
21048,2791
21049,841
21050,1692
21051,40862
21052,2914
21053,1701
21054,2086
21055,2017
21056,5869
21057,3230
21058,1973
21059,3937
21060,3825
21061,4869
21062,3783
21063,1565
21064,724
21065,195
21066,1872
21067,3624
21068,546
21069,265
21070,4497
21071,2917
21072,7955
21073,1362
21074,3151
21075,1240
21076,3827
21077,3367
21079,3066
21080,3558
21081,3885
21082,1767
21083,3255
21084,1544
21085,1974
21086,7145
21087,2912
21088,1432
21089,2629
21091,1228
21092,1880
21093,6215
21094,1838
21095,1141
21096,1766
21097,4473
21098,3431
21099,1965
21100,1007
21101,2450
21102,1040
21103,969
21104,2896
21105,1057
21106,3205
21107,3093
21108,6022
21109,2320
21110,3339
21111,4694
21112,959
21113,1597
21114,1875
21115,6979
21116,2998
21117,1389
21118,762
22001,8824
22002,1481
22003,3168
22005,1099
22006,17828
22007,4082
22009,5045
22011,1481
22013,2651
22015,434
22017,1540
22018,397
22021,667
22022,6953
22025,4002
22026,253
22027,739
22029,678
22030,325
22032,1358
22033,1100
22034,3778
22035,1946
22036,713
22037,1475
22038,1468
22039,1887
22040,583
22041,1090
22042,948
22043,527
22045,219
22046,601
22047,2325
22048,1187
22049,1036
22050,4112
22051,1086
22052,549
22053,2947
22054,238
22058,694
22059,350
22060,304
22061,4053
22062,7020
22063,657
22064,980
22068,675
22070,666
22071,429
22074,1221
22078,583
22079,5065
22080,640
22081,911
22083,1103
22085,472
22087,3158
22088,1446
22089,1326
22090,344
22091,416
22092,2533
22093,745
22095,2168
22097,1183
22098,2775
22102,1162
22103,9032
22104,8094
22106,804
22108,862
22109,261
22110,2206
22111,443
22112,139
22113,579
22114,880
22115,1597
22116,5501
22117,7177
22118,2644
22120,1113
22123,9942
22124,2815
22127,2092
22128,1350
22129,1093
22130,795
22131,841
22133,167
22134,830
22135,996
22136,1851
22137,784
22138,385
22139,21471
22142,649
22143,3048
22144,2500
22147,4514
22150,1353
22152,1278
22153,17505
22154,611
22155,1396
22156,2930
22157,446
22159,428
22160,1680
22161,39972
22162,409
22163,806
22164,184
22165,547
22167,3223
22168,1127
22169,925
22170,808
22171,1417
22172,1447
22173,370
22176,692
22177,819
22179,1264
22180,1272
22181,707
22182,1174
22183,4580
22184,565
22188,1954
22189,599
22190,989
22191,2016
22193,709
22195,637
22196,2965
22199,3660
22200,1305
22202,680
22203,1485
22205,118288
22209,470
22210,1370
22211,840
22213,1833
22216,173
22222,3843
22224,3035
22226,1749
22228,2963
22229,5270
22230,6675
22231,1571
22232,1160
22233,2140
22234,1450
22235,1615
22236,5065
22237,527
22238,2015
22239,709
22240,3306
22241,2333
22242,1411
22243,2908
22244,1807
22245,5398
22246,2945
22247,1396
22248,5065
22249,4831
22250,3540
22251,3109
23001,2362
23002,5263
23003,2265
23004,6345
23005,2638
23006,7178
23007,3189
23008,1692
23009,2009
23010,1391
23011,3557
23012,16058
23013,1371
23014,2464
23015,20331
23016,7048
23017,7886
23018,8467
23019,5641
23020,3687
23021,11910
23022,13266
23023,6021
23024,1494
23025,16602
23026,2485
23027,8514
23028,8808
23029,1086
23030,3793
23031,2609
23032,1920
23033,757
23034,275
23035,4142
23036,4116
23037,5314
23038,10932
23039,5238
23040,11549
23041,3242
23042,8495
23043,7042
23044,25380
23045,3687
23046,3178
23047,2509
23048,4617
23049,4308
23050,8988
23051,7844
23052,17096
23053,8485
23054,3716
23055,10097
23056,1244
23057,3057
23058,17308
23059,10705
23060,7317
23061,2523
23062,2196
23063,3809
23064,6019
23065,2672
23066,1601
23067,2099
23068,3792
23069,21402
23070,5074
23071,25432
23072,4097
23073,15634
23074,557
23075,2975
23076,12936
23077,11876
23078,2533
23079,1392
23080,890
23081,7124
23082,14789
23083,17776
23084,3029
23085,2188
23086,3054
23087,4890
23088,2780
23089,15564
23090,764
23091,257993
23092,5120
23093,2547
23094,10247
23095,5838
23096,33367
23097,15050
23098,4880
24001,1408
24002,2027
24003,1614
24004,12021
24005,2224
24006,7848
24007,3113
24008,25569
24009,6453
24010,863
24012,43412
24013,6472
24014,8610
24015,6643
24016,3172
24017,3982
24018,11270
24019,2509
24020,1314
24021,11171
24022,1685
24023,806
24024,3610
24025,3788
24026,14836
24027,2905
24028,6198
24029,12817
24030,2494
24031,906
24032,3214
24033,2107
24034,11996
24035,7681
24036,11362
24037,1316
24038,13860
24039,1614
24040,3777
24041,690
24042,2368
24043,3414
24044,830
24046,4274
24047,3767
24048,10242
24049,131
24050,193
24051,5609
24052,16511
24053,3636
24054,2563
24055,14916
24056,9513
24057,14038
24058,3477
24059,2570
24060,6512
24061,23459
24062,5043
24063,2825
24064,3433
24065,1789
24066,2835
24067,9020
24068,3079
24070,7609
24071,3108
24072,1211
24073,4949
24074,8955
24075,3055
24076,738
24077,2151
24078,8319
24079,4316
24080,559
24081,3148
24082,2793
24083,5801
24084,6268
24085,4221
24086,14290
24087,14560
24088,8083
24089,654
24090,1034
24091,8458
24093,1644
24094,1589
24095,5734
24096,3590
24097,5278
24098,6740
24099,2615
24100,39162
24101,1896
24102,4293
24103,7651
24104,12847
24105,24434
24106,524
24107,5884
24108,11711
24110,8749
24111,26048
24112,1266
24113,3114
24114,1745
24115,2331
24116,110790
24117,1915
24118,6136
24119,6635
24120,1381
24121,771
24122,6753
24123,3083
24124,6425
25001,4117
25002,2768
25003,1192
25004,2250
25005,3279
25006,35833
25007,793
25008,1968
25010,1272
25011,3958
25012,1313
25013,381
25014,360
25015,2151
25016,5820
25017,444
25018,2337
25019,1866
25021,20560
25022,3163
25023,1115
25025,582
25026,2808
25027,1070
25028,2937
25029,5308
25030,1292
25032,558
25033,1340
25034,5932
25035,273
25036,4396
25037,352
25039,3753
25040,8232
25043,612
25044,1203
25045,1597
25046,388
25047,1607
25048,6786
25049,610
25050,2502
25051,1894
25053,10198
25054,506
25055,2443
25056,3135
25057,375
25058,1400
25059,1745
25060,1326
25061,4830
25062,485
25063,1868
25065,1398
25066,854
25067,851
25069,212
25070,3143
25071,5201
25072,6852
25073,3156
26001,6975
26002,4532
26003,9108
26004,5951
26005,7808
26006,7952
26007,4749
26008,11256
26009,13080
26010,11301
26011,2288
26012,33507
26013,7198
26014,2885
26015,3861
26016,3700
26017,3409
26018,2632
26019,5327
26020,5071
26021,35231
26022,6959
26023,6285
26024,4541
26025,6098
26026,8704
26027,3784
26028,5739
26029,5882
26030,2919
26031,6041
26032,5237
26033,6046
26034,4115
26035,9180
26036,9363
26037,5064
26038,9638
26039,5118
26040,9356
26041,2964
26042,3252
26043,27768
26044,4384
26045,1324
26046,31380
26047,4461
26048,2836
26049,10775
26050,6616
26051,20659
26052,4525
26053,3861
26054,2205
26055,22068
26056,7353
26057,12047
26058,8341
26059,12882
26060,761
26061,2224
26062,5230
26063,16891
26064,9957
26065,1702
26066,9522
26067,2150
26068,11000
26069,14568
26070,6734
26071,13046
26072,6975
26073,5219
26074,4970
26075,9167
26076,9961
26077,7392
26078,3059
26079,1877
26080,6191
26081,10254
26082,12223
26083,11780
26084,4336
26085,10816
26086,84999
26087,10271
26088,6965
26089,16803
26090,3694
26091,17899
26092,28148
26093,10194
26094,1811
26095,11426
27001,3849
27002,7254
27003,10680
27004,13145
27005,11523
27006,13637
27007,6110
27008,49259
27009,3232
27010,3006
27011,10383
27012,15104
27013,12206
27014,8437
27015,4166
27016,6143
27017,7034
27018,2765
27019,26563
27020,17513
27021,21559
27022,6353
27023,38421
27024,27350
27025,11505
27026,16101
27027,6970
27028,12369
27029,24909
27030,4664
27031,8164
27032,13000
27033,41843
27034,11863
27035,17597
27036,12928
27037,18961
27038,27984
27039,7672
27040,2291
27041,4776
27042,260520
27043,10003
27044,13526
28001,20265
28002,3230
28003,26278
28004,4289
28005,1825
28006,2127
28007,4811
28008,3538
28009,3060
28010,628
28011,3885
28012,2448
28013,8836
28014,3471
28015,7114
28016,16187
28017,14809
28018,2675
28019,12017
28020,5747
28021,2285
28022,1530
28023,7601
28026,4651
28027,4846
28028,5392
28029,1501
28030,5708
28031,1962
28032,20161
28033,6459
28034,10258
28035,5153
28036,7242
28037,16280
28038,8011
28039,7141
28040,4316
28041,4289
28042,4595
28043,2019
28044,9014
28045,7982
28046,7743
28047,3064
28048,9130
28049,1764
28050,6081
28052,1860
28053,2612
28054,11568
28055,17501
28056,9024
28057,11573
28058,11477
28059,5629
28060,210912
28061,3832
28062,1276
28063,11123
28064,9570
28065,20086
28066,3314
28067,2397
28068,3692
28069,13502
28070,3532
28071,4953
28072,16544
28073,4878
28075,10174
28076,6357
28077,13113
28078,4458
28079,3028
28080,7290
28082,7236
28083,2535
28084,1970
28085,10443
28086,22964
28087,6995
28088,4118
28089,9053
28090,2640
28091,8392
28092,6140
28093,12973
28094,4343
28095,2088
28096,4768
28097,1791
28098,921
28099,13057
28100,23035
28101,5582
28102,2197
28103,10479
28104,6136
28105,3304
28106,9057
28107,6998
29001,19347
29002,4202
29003,2654
29004,10263
29005,1204
29006,2526
29007,1483
29008,708
29009,2700
29010,901
29011,1539
29012,4079
29013,2689
29014,1612
29015,3533
29017,2341
29018,2496
29019,1783
29021,2356
29022,3961
29023,1418
29024,2579
29025,992
29026,1515
29027,2093
29028,1125
29029,11634
29030,3458
29031,3437
29032,1741
29033,12001
29034,1433
29035,1540
29036,1146
29037,3892
29038,2215
29039,9546
29040,6383
29041,51104
29042,1117
29043,1082
29044,3871
29045,3191
29046,8195
29047,2643
29048,4932
29049,1168
29050,1983
29051,909
29052,14217
30001,2223
30002,854
30003,971
30004,3268
30005,2076
30006,2871
30007,1721
30008,3479
30009,5296
30010,2393
30011,1834
30012,726
30013,6454
30014,3947
30015,1607
30016,7873
30018,2804
30019,2885
30020,3751
30021,998
30022,679
30023,13811
30024,644
30025,619
30026,11101
30027,16168
30028,2178
30029,476
30030,3155
30031,2167
30032,2284
30033,165
30034,104
30035,1310
30036,2860
30037,6285
30039,1108
30040,563
30041,921
30042,578
30043,10851
30044,4680
30045,326
30046,13453
30047,707
30048,3756
30049,6885
30051,617
30052,2333
30053,5920
30054,923
30055,6442
30056,1796
30057,6838
30058,2620
30059,1678
30060,1676
30061,505
30062,4938
30063,2488
30064,2483
30065,2706
30066,2858
30067,1867
30068,5088
30069,2917
30070,5388
30071,2119
30072,9395
30073,2541
30074,5531
30075,2476
30076,1379
30077,2547
30078,5455
30079,6916
30080,3600
30081,903
30082,1463
30083,4060
30084,234
30085,747
30086,916
30087,2837
30088,501
30089,443
30090,4890
30091,6100
30092,970
30093,285
30094,414
30095,2415
30097,2012
30098,2875
30099,8007
30100,7408
30101,6122
30102,1082
30103,2134
30104,2317
30105,1257
30106,1676
30107,396
30108,371
30109,3759
30110,898
30111,330
30112,1278
30113,588
30114,3996
30116,8921
30117,4211
30118,14924
30120,2818
30121,10169
30122,2094
30123,2804
30124,2209
30126,1705
30127,7703
30128,1633
30129,99377
30130,2702
30131,2003
30132,872
30133,2199
30135,799
30136,568
30137,1745
30138,1149
30188,6265
30189,1306
30190,6315
30191,711
31001,1718
31002,7302
31003,1364
31004,336
31005,1689
31006,3064
31007,34336
31008,6468
31009,8080
31010,1490
31011,968
31012,28453
31013,738
31014,1547
31015,3709
31016,11928
31017,2197
31018,6203
31019,768
31020,1548
31021,2005
31022,1690
31023,7256
31024,2854
31025,1692
32001,8471
32002,865
32003,13062
32004,5760
32005,2068
32006,204267
33001,2039
33002,4696
33003,987
33004,2723
33005,3572
33006,7999
33007,6066
33008,2417
33010,4808
33011,7740
33012,4591
33013,13725
33014,5301
33015,122
33016,845
33017,586
33018,4683
33019,1168
33020,1197
33021,15300
33022,2075
33023,5690
33024,4539
33025,2243
33026,3927
33027,5241
33028,957
33030,485
33032,103942
33033,2219
33034,609
33035,9114
33036,4707
33037,6526
33038,7041
33039,12301
33040,5609
33041,832
33042,2847
33043,2104
33044,2073
33045,4207
33046,1704
33047,73
33048,2506
33049,3016
34001,2145
34002,2150
34003,3320
34004,1990
34005,683
34006,6849
34007,6911
34008,2118
34009,14716
34010,9104
34011,1104
34012,1842
34013,8983
34014,27041
34015,7061
34016,5641
34017,6007
34018,10484
34019,5054
34020,10884
34022,880
34023,11104
34024,3600
34025,13033
34026,1099
34027,196518
34028,1012
34030,2934
34031,5679
34032,19746
34033,5739
34035,1743
34036,4841
34038,1199
34039,2104
34040,939
34041,7689
34042,9538
34044,515
34045,2625
34046,1185
34049,7846
34050,3188
34051,12788
35001,8805
35002,9789
35003,3242
35004,10222
35005,5365
35006,5597
35008,10695
35009,5671
35010,5156
35011,4007
35012,18982
35013,4441
35014,15346
35015,8482
35016,10506
35017,9898
35018,3740
35020,25485
35021,6627
35022,5763
35023,6507
35024,15018
35026,8840
35027,10499
35028,13607
35029,7295
35030,13169
35032,9153
35033,171999
35034,6088
35035,4075
35036,14861
35037,8126
35038,6217
35039,11333
35040,25770
35041,4367
35042,1822
35043,4237
35044,3325
35045,3634
35046,4130
36001,4263
36002,10189
36003,8802
36004,3172
36005,71836
36006,33059
36007,15083
36008,11323
36009,6960
36010,8373
36011,2950
36012,15415
36013,17064
36014,1222
36015,34559
36016,1883
36017,3907
36018,2675
36019,17680
36020,5264
36021,6256
36022,23895
36023,186307
36024,937
36025,2122
36026,3315
36027,16122
36028,10066
36029,2120
36030,17680
36031,2327
36032,1618
36033,3734
36034,6173
36035,692
36036,6513
36037,10862
36038,3552
36039,5977
36040,40918
36041,9251
36042,8430
36043,2485
36044,15427
36045,12859
36046,25493
36047,4583
37001,12323
37002,9834
37003,7115
37005,5629
37006,390636
37007,3273
37008,18460
37009,13256
37010,1825
37011,36512
37012,3458
37013,1872
37014,1224
37015,3410
37016,4537
37017,6546
37019,18424
37020,20984
37021,15545
37022,5498
37024,13692
37025,6587
37026,1948
37027,4840
37028,5507
37030,12130
37031,3894
37032,69798
37033,2182
37034,4298
37035,9117
37036,6834
37037,16782
37038,8871
37039,15608
37040,3698
37041,6161
37042,10875
37044,6361
37045,4683
37046,13817
37047,17608
37048,7128
37050,8465
37051,4159
37052,8820
37053,28292
37054,32518
37055,12435
37056,7404
37057,14909
37059,7709
37060,19015
37061,31209
37062,6904
38001,21429
38003,14133
38004,35474
38005,11603
38006,22114
38007,16234
38008,132052
38010,2814
38011,4842
38012,2301
38014,6726
38017,5935
38018,9786
38019,11604
38022,7583
38023,3674
38025,3699
38027,8788
38028,9996
38029,7839
38030,7065
39001,11938
39002,16714
39003,2430
39004,7498
39005,2520
39006,9599
39007,28819
39008,9752
39009,7375
39010,58755
39011,8157
39012,32283
39013,10557
39014,157663
39015,5681
39016,12306
39017,2929
39018,4480
40001,5815
40003,10927
40004,2884
40005,6377
40007,97210
40008,25933
40009,3724
40011,1573
40012,117798
40013,13274
40014,2500
40015,10733
40016,9132
40018,7200
40019,9961
40020,6860
40022,4474
40028,1722
40031,753
40032,6285
40033,753
40036,1828
40037,3406
40041,12017
40043,4114
40044,3380
40045,17842
40046,3193
40049,1141
40050,1818
41001,4371
41002,1803
41005,741
41006,572
41007,8408
41008,2171
41009,1668
41010,7926
41013,60872
41014,8456
41015,9395
41016,936
41017,285
41018,1265
41019,5680
41020,4874
41021,562
41022,1493
41023,1994
41025,1334
41026,1031
41027,2077
41028,3817
41029,14360
41030,2762
41031,653
41032,1640
41033,1091
41034,2615
41035,1117
41036,6990
41038,2835
41041,686
41043,6151
41044,94969
41045,2802
41047,2130
41048,647
41049,1916
41051,4711
41054,3325
41057,4054
41058,1507
41060,1411
41061,963
41064,870
41065,7947
41066,6990
41067,14361
41068,15133
41069,12341
41070,5238
41071,4940
42001,4733
42002,101043
42003,4408
42004,1327
42005,2181
42006,7125
42007,2558
42008,5044
42010,18683
42011,1588
42012,3446
42013,3650
42014,14733
42015,4927
42016,4578
42017,30509
42018,25906
42019,9298
42020,1708
42021,39969
42022,12786
42023,6201
42024,1013
42025,3350
42026,1913
42027,9873
42029,3059
42030,6815
42031,1854
42032,3795
42033,2025
42034,35007
42035,6666
42036,3234
42037,671
42038,4552
42040,1950
42041,2008
42042,916
42043,4097
42044,7070
42045,44620
42046,3737
42047,2759
42048,4063
42049,2211
42050,7569
43002,2196
43003,4155
43004,1904
43005,141
43006,1710
43007,6852
43008,525
43009,4449
43010,249
43011,482
43012,10082
43013,42476
43014,1224
43015,15212
43016,1923
43017,663
43019,1317
43020,599
43021,774
43022,2303
43023,41514
43024,9612
43025,4571
43026,7054
43027,122
43028,7227
43029,3400
43030,3538
43031,7852
43032,734
43033,10078
43034,878
43035,1035
43036,1929
43038,1359
43039,1062
43040,241
43041,6475
43042,12541
43043,15850
43044,21097
43045,837
43046,3278
43047,12344
43048,1361
43049,3179
43050,438
43051,922
43052,1009
43053,19113
43054,9255
43055,2551
43056,409
43057,1062
43058,1015
44001,2696
44002,3747
44005,1728
44006,1087
44007,48169
44010,1018
44011,8589
44012,2709
44013,2315
44014,3717
44015,3056
44016,922
44017,5361
44020,9138
44021,1249
44023,16073
44027,2337
44029,1651
44031,4591
44032,2037
44034,510
44036,2033
44038,476
44044,551
44045,12708
44054,4927
44056,185
44063,4202
44064,1967
44065,849
44066,47330
44071,7254
44073,1997
45001,11067
45002,1814
45003,62285
45004,1006
45005,699
45006,2244
45007,7579
45008,4702
45009,4872
45010,68889
45011,10298
45012,2398
45013,2140
45014,7182
45015,1962
45016,4727
45017,1014
46001,15532
46002,5932
46003,9818
46004,6958
46005,32283
46006,2133
46007,46216
46008,536
46009,5851
46010,1758
46011,5163
46013,7249
46014,589
46015,3697
46017,88824
46018,22322
46019,1981
46020,1034
46021,4370
46022,3439
46023,2250
46024,23600
46025,2473
46026,8961
46027,1403
46028,12830
46030,3016
46031,907
46033,62056
46034,1550
46035,1298
46036,821
46037,1026
47002,17920
47003,8882
47005,7440
47006,6321
47007,3172
47008,7894
47009,21151
47010,10754
47011,20673
47012,19674
47013,9236
47014,90358
47016,8856
47017,26693
47018,1568
47020,11679
47021,5669
47022,4547
47023,2048
47024,7938
48001,25566
48002,10937
48004,18319
48005,17940
48006,47141
48008,7829
48010,17336
48011,10931
48012,15998
48013,5514
48014,48795
48015,14088
48017,378839
48018,4555
48019,23082
48020,4807
48021,13803
48022,14643
48024,20294
48025,1911
48026,3043
48027,3601
48028,14301
48030,13474
48031,1120
48032,7711
48033,20689
48035,16563
48036,8639
48037,7182
48038,17159
48039,1109
48041,50551
48043,49331
48044,18874
48046,5171
48049,8139
48050,14608
48052,23411
48053,12220
48054,12125
49001,3249
49002,12886
49003,4840
49004,4046
49005,407
49006,9055
49007,28101
49008,16762
49009,157783
49010,2122
49011,1958
49012,33559
49013,3686
49014,12011
49017,30807
49018,6738
49019,471
49020,3062
49021,3289
50001,8431
50002,5594
50003,6405
50004,12726
50005,6395
50006,1103
50008,45059
50009,13420
50010,1940
50011,2162
50012,1339
50014,3684
50015,1220
50016,1311
50019,1669
50020,2166
50021,756
50022,11149
50023,615
50024,4542
50025,4742
50026,88880
50027,5661
50028,15598
50029,29223
50030,1612
50031,31195
50032,27959
50033,14594
50034,1638
50035,13157
50036,4509
50037,12068
50038,8593
50039,10159
50040,12327
50041,5436
51001,5501
51002,99179
51003,1051
51004,12076
51005,10091
51006,5380
51007,1410
51008,3092
51010,2631
51011,2124
51012,13129
51013,9554
51014,893
51015,1958
51016,9003
51017,21984
51018,9528
51020,5878
51021,3544
51022,3427
51023,536
51024,1715
51025,8702
51026,24490
51027,861
51030,3087
51031,6114
51033,16823
51034,15801
51035,1282
51037,6412
51038,1014
51039,12268
51040,9828
51041,5652
51042,6636
52001,6275
52002,7038
52003,3102
52004,3829
52005,2814
52006,9112
52007,2265
52008,2602
52009,7079
52010,1849
52011,8429
52012,21737
52013,2705
52015,13824
52016,10033
52017,9070
52018,1526
52019,2413
52020,4129
52021,2074
52022,28948
52023,1548
52024,1062
52025,922
52026,5379
52027,1578
52028,7760
52030,2614
52031,4664
52032,53937
52033,12514
52034,10028
52035,7267
52036,1228
52037,5843
53001,4279
53002,2369
53003,4068
53004,4808
53005,1408
53006,7202
53007,2474
53008,3154
53009,21106
53010,8505
53011,82353
53012,1436
53013,3452
53014,7210
53015,8303
53016,12397
53017,1178
53018,14731
53019,3744
53020,967
53021,9010
53022,2560
53023,4376
53024,3916
53025,981
53026,3265
53027,1316
53028,1061
54001,28314
54002,21781
54003,4347
54004,4955
54005,2354
54006,4355
54007,3099
54008,3209
54009,15423
54010,1038
54011,3432
54012,7709
54013,39439
54014,3448
54015,21391
54016,1159
54017,9705
54018,57059
54019,2708
54020,1855
54021,3858
54022,5892
54023,14949
54024,31547
54025,602
54026,14802
54027,18574
54028,3673
54029,1514
54030,5535
54031,582
54032,1156
54033,1618
54034,5672
54035,4815
54036,979
54037,5515
54038,5672
54039,165956
54040,3549
54041,2057
54042,100
54043,700
54044,11227
54045,563
54046,1333
54047,463
54048,1027
54049,2366
54050,8565
54051,37855
54052,16434
54053,6607
54054,8349
54055,3786
54056,16645
54057,3361
54058,353
54059,1351
55001,4670
55002,1763
55003,1438
55004,11819
55005,2715
55006,1978
55007,2673
55008,1784
55009,2105
55010,2861
55011,2752
55012,1859
55013,1618
55014,1897
55015,1780
55016,1434
55017,5055
55018,1640
55019,1283
55020,1191
55021,1434
55022,19055
55023,20148
55024,1798
55025,505
55026,1068
55027,226
55028,1945
55029,4938
55030,2198
55031,4781
55032,110749
55033,2473
56001,5434
56002,855
56003,3597
56004,1069
56005,4791
56006,1268
56007,3255
56008,3917
56009,1795
56010,910
56011,3019
56012,5286
56013,1694
56014,6442
56015,5366
56016,1971
56017,2594
56018,2319
56019,1308
56020,1142
56021,16171
56022,1572
56023,3738
56024,8275
56025,2150
56026,1466
56027,2816
56028,1323
56029,2204
56030,2605
56031,2259
56032,811
56033,895
56034,3395
56035,8965
56036,13387
56037,1966
56038,4637
56039,9494
56040,976
56041,3819
56042,8842
56043,1972
56044,573
56045,8533
56046,1253
56047,2107
56048,8174
56049,6663
56050,16240
56051,323
56052,8364
56053,2842
56054,2548
56055,4008
56056,2218
56057,13978
56058,4511
56059,67681
56060,5244
57001,612
57002,2484
57003,2475
57004,240
57005,616
57006,601
57007,4435
57008,945
57009,2624
57010,1666
57011,734
57012,1250
57013,272
57014,1031
57015,1310
57016,6702
57017,445
57018,400
57019,359
57020,152
57021,1544
57022,497
57023,271
57024,581
57025,3896
57026,536
57027,13880
57028,1299
57029,3169
57030,724
57031,1550
57032,361
57033,2328
57034,554
57035,3692
57036,73
57037,130
57038,498
57039,391
57040,876
57041,1198
57042,287
57043,672
57044,4074
57045,343
57046,212
57047,383
57048,166
57049,2018
57050,1130
57051,2015
57052,1272
57053,6410
57054,2666
57055,2549
57056,538
57057,635
57058,323
57059,47149
57060,1199
57061,553
57062,778
57063,549
57064,3148
57065,1100
57066,2286
57067,1420
57068,1019
57069,1339
57070,1225
57071,230
57072,237
57073,177
58001,1482
58002,1733
58003,40980
58004,4020
58005,19459
58006,861
58007,55101
58008,1309
58009,18574
58010,1496
58011,14086
58012,2818
58013,19077
58014,444
58015,11533
58016,4093
58017,325
58018,10903
58019,337
58020,4322
58021,679
58022,8955
58023,7338
58024,8726
58025,853
58026,11428
58027,1097
58028,436
58029,38083
58030,1307
58031,598
58032,52716
58033,2032
58034,21310
58035,4347
58036,15858
58037,448
58038,13165
58039,22657
58040,6290
58041,1910
58042,5864
58043,23714
58044,1230
58045,706
58046,20567
58047,89671
58048,352
58049,6514
58050,13539
58051,941
58052,1402
58053,922
58054,7753
58055,775
58056,7155
58057,44981
58058,3138
58059,23190
58060,12200
58061,1269
58062,2091
58063,5282
58064,8758
58065,41287
58066,1897
58067,2553
58068,8680
58069,1391
58070,1931
58071,1947
58072,49995
58073,6614
58074,22065
58075,13178
58076,217
58077,751
58078,2340
58079,63792
58080,1155
58081,10687
58082,10391
58083,740
58084,182
58085,364
58086,17285
58087,255
58088,12170
58089,952
58090,691
58091,2856133
58092,1346
58093,7851
58094,875
58095,1559
58096,2839
58097,18933
58098,4995
58099,3656
58100,3303
58101,175
58102,9134
58103,8902
58104,56472
58105,4982
58106,1073
58107,5698
58108,259
58109,298
58110,16177
58111,53250
58112,3905
58113,161
58114,18081
58115,13467
58116,41584
58117,49750
58118,38963
58119,15801
58120,80470
58122,33410
59001,74660
59002,1508
59003,605
59004,4189
59005,37130
59006,10858
59007,39826
59008,38105
59009,20361
59010,10806
59011,126746
59012,4183
59013,3096
59014,19726
59015,6286
59016,3876
59017,14945
59018,3376
59019,14296
59020,1206
59021,4358
59022,1101
59023,1153
59024,20464
59025,10134
59026,6943
59027,10135
59028,24911
59029,7558
59030,3229
59031,2915
59032,45800
59033,769
60001,266
60002,1876
60003,28632
60004,2646
60005,4313
60006,21249
60007,5166
60008,5633
60009,2278
60010,7093
60011,4247
60012,2577
60013,698
60014,8526
60015,2732
60016,1673
60017,546
60018,2635
60019,36612
60020,3391
60021,875
60022,3979
60023,4702
60024,23244
60025,8851
60026,8064
60027,1894
60028,931
60029,664
60030,1602
60031,3841
60032,545
60033,20973
60034,522
60035,10703
60036,2868
60037,1295
60038,46054
60039,2092
60040,1275
60041,2413
60042,1553
60043,11392
60044,12596
60045,3257
60046,8188
60047,1377
60048,3151
60049,1505
60050,1127
60051,2812
60052,6486
60053,4581
60054,2499
60055,4103
60056,13027
60057,1104
60058,5241
60059,948
60060,7408
60061,319
60062,2004
60063,3145
60064,3280
60065,964
60066,1432
60067,1882
60068,6002
60069,1297
60070,2571
60071,3032
60072,729
60073,2597
60074,25956
60075,2399
60076,4797
60077,353
60078,1338
60079,4814
60080,1809
60081,1665
60082,2538
60083,924
60084,1515
60085,20424
60086,755
60087,2193
60088,1203
60089,2605
60090,1701
60091,309
61001,1308
61002,7656
61003,4726
61004,5336
61005,52608
61006,2126
61007,6128
61008,1875
61009,5434
61010,5687
61011,1996
61012,5679
61013,10168
61014,1529
61015,18293
61016,7072
61017,7342
61018,13588
61019,21442
61020,9908
61021,8543
61022,75430
61023,1501
61024,1133
61025,1431
61026,3739
61027,25923
61028,5020
61029,9207
61030,409
61031,1197
61032,7039
61033,2105
61034,792
61035,1458
61036,4788
61037,9153
61038,527
61039,2106
61040,654
61041,3533
61042,7021
61043,12463
61044,698
61045,1127
61046,15758
61047,10383
61048,38915
61049,39576
61050,2183
61051,3121
61052,29071
61053,27407
61054,11792
61055,3023
61056,2302
61057,10835
61058,4663
61059,2949
61060,5878
61061,1646
61062,7905
61063,1449
61064,1521
61065,1796
61066,1288
61067,7665
61068,2313
61069,3134
61070,3359
61071,847
61072,447
61073,1599
61074,13649
61075,17395
61076,935
61077,14397
61078,22615
61079,923
61080,1910
61081,12372
61082,14003
61083,32727
61084,2649
61085,5486
61086,2231
61087,14789
61088,21154
61089,7318
61090,8592
61091,12241
61092,14635
61093,863
61094,20036
61095,6541
61096,835
61097,2719
61098,7200
61099,12324
61100,7539
61101,3561
61102,7994
61103,7022
61104,6587
62001,8353
62002,2727
62003,5578
62004,2668
62005,2000
62006,759
62007,2266
62008,59200
62009,1386
62010,2106
62011,1651
62012,2627
62013,1012
62014,1657
62015,1301
62016,873
62017,1447
62018,1201
62019,2661
62020,1130
62021,2027
62022,3346
62023,3812
62024,2299
62025,2368
62026,3982
62027,2788
62028,2178
62029,3594
62030,3258
62031,1404
62032,1223
62033,1010
62034,1793
62035,2224
62036,464
62037,4886
62038,4158
62039,1806
62040,4102
62041,1587
62042,1429
62043,13536
62044,4828
62045,3863
62046,2394
62047,2144
62048,2082
62049,1628
62050,1936
62051,522
62052,3047
62053,2550
62054,2119
62055,1332
62056,1162
62057,4644
62058,10048
62059,2946
62060,3083
62061,2191
62062,2098
62063,769
62064,3225
62065,1259
62066,885
62067,3677
62068,4056
62069,886
62070,11028
62071,4270
62072,614
62073,3766
62074,7711
62075,1513
62076,3414
62077,2931
62078,520
63001,58813
63002,64443
63003,7748
63004,7018
63005,34065
63006,26245
63007,9977
63008,27864
63009,10211
63010,16252
63011,37554
63012,11953
63013,5303
63014,7144
63015,2456
63016,22489
63017,48985
63018,3227
63019,8084
63020,13942
63021,18659
63022,3813
63023,76791
63024,65575
63025,7975
63026,17929
63027,12862
63028,7091
63029,1764
63030,12250
63031,18005
63032,29866
63033,16021
63034,123490
63035,28846
63036,17900
63037,20170
63038,4764
63039,6233
63040,1572
63041,60163
63042,7921
63043,29727
63044,14280
63045,37903
63046,7941
63047,12674
63048,35145
63049,959188
63050,34593
63051,23619
63052,16854
63053,12961
63054,6035
63055,22036
63056,13371
63057,39637
63058,25087
63059,54045
63060,80851
63061,10481
63062,25766
63063,41351
63064,52374
63065,6892
63066,12056
63067,44688
63068,32014
63069,3405
63070,8980
63071,9067
63072,27345
63073,33779
63074,19655
63075,6451
63076,16286
63077,6145
63078,3126
63079,34956
63080,16320
63081,8673
63082,18066
63083,42302
63084,84672
63085,3627
63086,20812
63087,31182
63088,4379
63089,24838
63090,11711
63091,8816
63092,5295
64001,4035
64002,4112
64003,1812
64004,1635
64005,22246
64006,10852
64007,7770
64008,54027
64009,3136
64010,4675
64011,3808
64012,2363
64013,298
64014,2318
64015,4506
64016,1138
64017,3391
64018,2397
64019,1362
64020,1743
64021,945
64022,1102
64023,1952
64024,1580
64025,9407
64026,2602
64027,480
64028,2199
64029,3044
64030,1313
64031,1844
64032,2926
64033,2995
64034,5379
64035,3571
64036,3461
64037,653
64038,8017
64039,1896
64040,1634
64041,2222
64042,1518
64043,3478
64044,6151
64045,1159
64046,3166
64047,1694
64048,1900
64049,12282
64050,7536
64051,397
64052,3564
64053,3273
64054,11793
64055,2194
64056,1286
64057,7670
64058,2767
64059,5248
64060,747
64063,1212
64064,1629
64065,5238
64066,4134
64067,2129
64068,1797
64069,660
64070,2307
64071,347
64072,2309
64073,1495
64074,2977
64075,3740
64076,1878
64077,1894
64078,2351
64079,839
64080,3606
64081,740
64082,1157
64083,4840
64084,2496
64085,762
64086,1557
64087,1598
64088,1402
64089,1444
64090,769
64091,734
64092,4173
64093,1224
64095,2143
64096,1113
64097,1159
64098,799
64099,6916
64100,2836
64101,12427
64102,587
64103,3779
64104,3012
64105,1554
64106,1508
64107,2292
64108,1474
64109,2047
64110,1246
64111,533
64112,922
64113,843
64114,2664
64115,1303
64116,2506
64117,962
64118,1592
64119,3184
64120,1058
64121,19740
65001,2679
65002,21830
65003,6410
65004,1000
65005,7095
65006,5025
65007,34151
65008,1456
65009,5894
65010,2399
65011,842
65012,2256
65013,17141
65014,51055
65015,770
65016,5535
65017,4833
65018,2530
65019,2651
65020,1484
65021,7147
65022,17225
65023,378
65024,1017
65025,22921
65026,1159
65027,1362
65028,5336
65029,1917
65030,1628
65031,9273
65032,2844
65033,595
65034,13700
65035,2377
65036,1322
65037,52931
65038,1841
65039,5100
65040,2303
65041,2061
65042,1189
65043,3561
65044,687
65045,864
65046,3321
65047,2507
65048,544
65049,560
65050,39984
65051,1218
65052,13946
65053,752
65054,1160
65055,5081
65056,11873
65057,1229
65058,1327
65059,989
65060,1196
65061,1429
65062,766
65063,1378
65064,1038
65065,658
65066,5576
65067,22324
65068,2698
65069,1868
65070,1985
65071,2672
65072,10938
65073,12549
65074,545
65075,1530
65076,6482
65077,651
65078,45608
65079,24250
65080,2285
65081,2244
65082,6779
65083,3703
65084,1625
65085,1050
65086,602
65087,5352
65088,35538
65089,3902
65090,11055
65091,1774
65092,886
65093,680
65094,1107
65095,1271
65096,2587
65097,5305
65098,2334
65099,26271
65100,3898
65101,2048
65102,2005
65103,1070
65104,2480
65105,1093
65106,7065
65107,1679
65108,8961
65109,1497
65110,381
65111,696
65112,808
65113,468
65114,12552
65115,1968
65116,133364
65117,517
65118,6591
65119,3759
65120,4174
65121,2748
65122,10539
65123,848
65124,564
65125,1698
65126,1704
65127,3236
65128,555
65129,2807
65130,8932
65131,425
65132,10878
65133,2538
65134,6701
65135,31585
65136,4901
65137,50516
65138,1542
65139,300
65140,3917
65141,1268
65142,9771
65143,3354
65144,683
65145,821
65146,7731
65147,1840
65148,1243
65149,2068
65150,495
65151,4117
65152,1637
65153,229
65154,8352
65155,1600
65156,3317
65157,7677
65158,13546
66001,317
66002,1479
66003,850
66004,310
66005,1138
66006,42486
66007,3432
66008,674
66009,1745
66010,711
66011,210
66012,1094
66013,1236
66014,136
66015,793
66016,489
66017,979
66018,250
66019,885
66020,5120
66021,651
66022,206
66023,552
66024,85
66025,5294
66026,449
66027,303
66028,6758
66029,1084
66030,137
66031,908
66032,10858
66033,1564
66034,1024
66035,280
66036,3157
66037,216
66038,856
66039,1171
66040,229
66041,1025
66042,407
66043,342
66044,720
66045,252
66046,1796
66047,523
66048,2093
66049,69478
66050,1613
66051,6083
66052,944
66053,3596
66054,1448
66055,374
66056,2396
66057,1403
66058,528
66059,1147
66060,462
66061,405
66062,1245
66063,471
66064,1787
66065,1202
66066,1133
66067,653
66068,2174
66069,3987
66070,1087
66071,1445
66072,4627
66073,1104
66074,487
66075,7469
66076,950
66077,2731
66078,689
66079,658
66080,844
66081,486
66082,1453
66083,176
66084,1661
66085,3893
66086,105
66087,1939
66088,687
66089,1147
66090,393
66091,116
66092,2266
66093,1767
66094,585
66095,3827
66096,2801
66097,344
66098,23861
66099,6691
66100,279
66101,3112
66102,6133
66103,539
66104,97
66105,434
66106,881
66107,618
66108,846
67001,12548
67002,1884
67003,803
67004,10582
67005,2370
67006,6939
67007,1848
67008,7083
67009,1867
67010,471
67011,7610
67012,1078
67013,2209
67014,1381
67015,2449
67016,1574
67017,4834
67018,2154
67019,3716
67020,2343
67021,5084
67022,619
67023,1200
67024,277
67025,23728
67026,4656
67027,987
67028,7939
67029,3582
67030,9274
67031,5427
67032,6642
67033,1775
67034,248
67035,14944
67036,504
67037,25853
67038,9724
67039,5309
67040,15731
67041,54343
67042,1570
67043,2628
67044,11922
67045,1307
67046,915
67047,16121
68001,366
68002,3463
68003,1084
68004,275
68005,2430
68006,4001
68007,1855
68008,606
68009,773
68010,1325
68011,11041
68012,15057
68013,1231
68014,1719
68015,6092
68016,238
68017,1440
68018,1707
68019,1438
68020,2874
68021,7375
68022,6963
68023,941
68024,54258
68025,3169
68026,1806
68027,12108
68028,119297
68029,486
68030,8613
68031,1328
68032,471
68033,4945
68034,908
68035,3955
68036,291
68037,266
68038,1904
68039,3604
68040,541
68041,19214
68042,2571
68043,3020
68044,852
68045,375
68046,633
69001,3164
69002,2101
69003,1142
69004,1113
69005,10599
69006,768
69007,330
69008,5074
69009,82
69010,1328
69011,549
69012,636
69013,1250
69014,886
69015,5981
69016,3022
69017,5571
69018,4370
69019,354
69020,1678
69021,895
69022,50646
69023,320
69024,813
69025,180
69026,473
69027,2804
69028,4845
69029,335
69030,1979
69031,1351
69032,909
69033,6371
69034,305
69035,25877
69036,942
69037,1719
69038,895
69039,293
69040,1322
69041,2675
69042,1205
69043,8881
69044,407
69045,1179
69046,34899
69047,700
69048,336
69049,692
69050,4739
69051,917
69052,121
69053,82
69054,646
69055,2450
69056,2445
69057,3799
69058,22947
69059,4232
69060,1307
69061,905
69062,991
69063,232
69064,445
69065,1576
69066,1024
69067,850
69068,2170
69069,901
69070,761
69071,1255
69072,4041
69073,1669
69074,2318
69075,1162
69076,1260
69077,94
69078,224
69079,936
69080,151
69081,14412
69082,912
69083,20171
69084,2040
69085,2440
69086,5291
69087,3191
69088,777
69089,353
69090,4090
69091,3020
69092,1753
69093,784
69094,4221
69095,1282
69096,1659
69097,378
69098,1636
69099,41489
69100,928
69101,2288
69102,1311
69103,129
69104,137
70001,625
70002,2616
70003,8033
70004,1316
70005,1196
70006,49049
70007,625
70008,2472
70009,855
70010,7881
70011,2018
70012,517
70013,269
70014,555
70015,1431
70016,918
70017,3686
70018,642
70019,367
70020,784
70021,1831
70022,404
70023,3282
70024,1264
70025,1405
70026,785
70027,1023
70028,768
70029,5202
70030,1795
70031,6674
70032,718
70033,654
70034,466
70035,540
70036,1167
70037,1090
70038,2136
70039,171
70040,483
70041,1049
70042,1314
70043,1486
70044,346
70045,336
70046,6490
70047,396
70048,576
70049,1694
70050,1668
70051,3786
70052,1118
70053,1290
70054,215
70055,2458
70056,109
70057,5084
70058,493
70059,3084
70060,741
70061,1199
70062,646
70063,165
70064,603
70065,1410
70066,553
70067,985
70068,1041
70069,4710
70070,834
70071,484
70072,4278
70073,345
70074,1697
70075,1845
70076,1235
70077,673
70078,33617
70079,737
70080,1309
70081,4643
70082,857
70083,2615
70084,3311
71001,2307
71002,925
71003,1217
71004,13110
71005,6141
71006,2720
71007,3206
71008,7107
71009,2757
71010,6615
71011,957
71012,4084
71013,1462
71014,1805
71015,2132
71016,1247
71017,1365
71018,1508
71019,159
71020,58635
71021,1656
71022,3720
71023,621
71024,151203
71025,4384
71026,475
71027,6314
71028,32889
71029,56738
71031,6215
71032,1004
71033,12162
71034,695
71035,2652
71036,17584
71037,749
71038,4488
71039,2641
71040,2640
71041,1994
71042,1814
71043,3619
71044,1066
71046,27108
71047,13397
71048,963
71049,15063
71050,5711
71051,52426
71052,1896
71053,3877
71054,5777
71055,5306
71056,16978
71058,7035
71059,7639
71060,13907
71061,408
71062,1684
71063,2840
71064,3386
72001,20523
72002,16822
72003,10654
72004,70667
72006,320862
72008,2226
72010,11975
72011,54626
72012,11278
72014,15598
72015,19809
72016,14760
72017,19570
72018,5826
72019,26175
72020,48233
72021,27573
72022,20273
72023,43816
72024,12638
72025,14186
72027,38203
72028,25311
72029,59291
72030,48822
72031,19045
72032,26322
72033,21298
72034,1472
72035,17925
72036,26600
72037,18532
72038,25280
72039,6336
72040,9883
72041,26439
72043,26883
72044,8226
72046,27175
72047,13038
72048,17823
73001,6547
73002,6924
73003,16908
73004,13620
73005,3476
73006,5173
73007,22315
73008,31856
73009,15144
73010,8143
73011,9867
73012,30987
73013,48510
73014,5235
73015,32772
73016,5547
73017,3763
73018,2367
73019,15843
73020,7812
73021,16038
73022,11429
73023,1808
73024,14989
73025,9143
73026,15924
73027,196702
73028,4183
73029,13731
74001,86812
74002,17076
74003,19638
74004,6428
74005,11528
74006,8607
74007,39826
74008,36143
74009,14270
74010,26607
74011,15035
74012,30903
74013,6479
74014,6262
74015,9804
74016,13411
74017,19087
74018,5370
74019,10439
74020,9250
75001,4637
75002,6400
75003,5629
75004,6693
75005,4791
75006,9258
75007,4053
75008,1818
75009,2719
75010,6928
75011,10287
75012,1675
75013,2411
75014,12034
75015,3733
75016,19976
75017,2864
75018,3895
75019,5157
75020,12829
75021,5885
75022,23909
75023,5757
75024,5384
75025,4100
75026,8946
75027,2945
75028,5104
75029,26748
75030,15419
75031,20405
75032,1176
75033,1946
75034,5635
75035,95269
75036,8643
75037,14017
75038,11934
75039,14166
75040,9005
75041,1644
75042,11407
75043,10008
75044,7064
75045,2211
75046,3476
75047,3591
75048,13894
75049,2663
75050,3230
75051,4921
75052,31344
75053,5201
75054,2255
75055,7966
75056,2369
75057,5898
75058,1456
75059,8916
75060,1704
75061,5919
75062,5222
75063,10977
75064,9698
75065,8150
75066,4572
75067,1478
75068,8124
75069,5653
75070,5836
75071,3489
75072,3027
75073,6930
75074,1873
75075,4031
75076,5356
75077,4752
75078,3652
75079,14018
75080,2242
75081,4342
75082,1615
75083,15098
75084,11726
75085,11906
75086,2872
75087,14369
75088,17421
75089,5207
75090,12346
75091,4381
75092,13830
75093,7036
75094,1924
75095,2008
75096,2368
75097,6288
76001,1429
76002,2318
76003,1401
76004,1619
76005,593
76006,3875
76007,11221
76008,1809
76009,1305
76010,2610
76011,2725
76012,4995
76013,4003
76014,859
76015,1900
76016,375
76017,773
76018,1256
76019,587
76020,248
76021,895
76022,2028
76023,772
76024,771
76025,1307
76026,999
76027,608
76028,1882
76029,2502
76030,1375
76031,596
76032,2869
76033,1985
76034,4152
76035,874
76036,5634
76037,1663
76038,540
76039,5373
76040,4342
76041,1714
76042,12558
76043,13420
76044,5045
76045,3970
76046,5561
76047,1623
76048,17739
76049,565
76050,3842
76051,1536
76052,1181
76053,5304
76054,1453
76055,813
76056,3760
76057,4766
76058,1819
76059,5852
76060,4025
76061,977
76062,6953
76063,66769
76064,4335
76065,928
76066,13101
76067,1684
76068,2705
76069,1454
76070,3396
76071,3525
76072,1051
76073,1294
76074,1001
76075,664
76076,2859
76077,734
76078,1501
76079,1394
76080,6285
76081,1418
76082,831
76083,2317
76084,1080
76085,6914
76086,1408
76087,569
76088,1131
76089,7332
76090,3160
76091,3014
76092,2256
76093,639
76094,1961
76095,11627
76096,2796
76097,2888
76098,3367
76099,740
76100,3288
77001,1757
77002,954
77003,12423
77004,712
77005,351
77006,1187
77007,707
77008,8456
77009,1027
77010,947
77011,5044
77012,2109
77013,4737
77014,60404
77015,2475
77016,7152
77017,9776
77018,6815
77019,399
77020,17538
77021,17875
77022,4038
77023,2550
77024,2696
77025,1128
77026,1445
77027,4006
77028,5124
77029,4956
77030,1452
77031,7669
78001,1095
78002,1838
78003,20225
78004,1634
78005,809
78006,1268
78007,415
78008,696
78009,4375
78010,14082
78011,2883
78012,2867
78013,1932
78014,919
78015,9266
78016,1265
78017,10051
78018,1213
78019,2766
78020,2186
78021,1375
78022,1191
78023,1677
78024,705
78025,8094
78026,3335
78027,234
78029,18086
78030,2979
78031,9722
78032,268
78033,21870
78034,2788
78035,497
78036,2324
78037,3058
78038,811
78039,1321
78040,10006
78041,888
78042,1251
78043,1226
78045,67270
78046,1065
78047,9948
78048,5249
78049,4325
78050,941
78051,3788
78052,1451
78053,1160
78054,2012
78055,2918
78056,2875
78057,2039
78058,8160
78059,1643
78060,2229
78061,1926
78062,2506
78063,1860
78064,811
78065,916
78066,3917
78067,2355
78068,2945
78069,2461
78070,9151
78071,1219
78072,774
78073,1747
78074,2741
78075,1862
78076,3473
78077,3149
78078,991
78079,9495
78080,1549
78081,20491
78082,1768
78083,4343
78084,2883
78085,1197
78086,363
78087,2067
78088,1226
78089,1035
78090,327
78091,15688
78092,671
78093,2124
78094,1408
78096,815
78097,1415
78098,1246
78099,1081
78100,714
78101,6657
78102,35526
78103,3330
78104,7196
78105,5713
78106,4395
78107,1905
78109,1095
78110,3155
78111,1003
78112,1504
78113,596
78114,3357
78115,1248
78116,2634
78117,1284
78118,1387
78119,16852
78120,588
78121,3306
78122,6129
78123,7400
78124,1024
78125,1999
78126,498
78127,3629
78128,2148
78129,1198
78130,1211
78131,1807
78132,5004
78133,2470
78134,1713
78135,2159
78136,3707
78137,926
78138,11091
78139,1211
78140,476
78142,6945
78143,4497
78145,1998
78146,4948
78147,718
78148,4601
78149,6131
78150,9016
78152,1097
78153,2882
78154,5441
78155,2618
78156,9928
78157,77128
79002,887
79003,1793
79004,816
79005,691
79007,495
79008,2939
79009,1302
79011,7564
79012,5235
79017,1800
79018,2027
79020,1497
79023,89065
79024,530
79025,385
79027,1180
79029,5512
79030,927
79033,1371
79034,2048
79036,4834
79039,6686
79042,5520
79043,3137
79047,3938
79048,2050
79052,591
79055,457
79056,2129
79058,3217
79059,5789
79060,5248
79061,4505
79063,1581
79065,605
79068,1184
79069,4641
79071,419
79072,2243
79073,875
79074,1044
79077,739
79080,1756
79081,5540
79083,810
79087,4800
79088,524
79089,1174
79092,2014
79094,1103
79095,2610
79096,2609
79099,2081
79108,734
79110,1520
79114,4067
79115,1675
79116,1390
79117,2116
79118,1822
79122,1723
79123,3443
79126,529
79127,7691
79129,3100
79130,4503
79131,3124
79133,4718
79134,797
79137,9030
79138,2995
79139,1534
79142,3652
79143,2385
79146,2599
79147,3815
79148,980
79151,1677
79157,1582
79160,70598
80001,2951
80002,522
80003,2139
80004,1274
80005,5090
80006,984
80007,9979
80008,2533
80009,4267
80010,1301
80011,431
80012,8943
80013,4200
80014,3542
80015,1094
80016,873
80017,780
80018,4540
80019,412
80020,699
80021,505
80022,1521
80023,2285
80024,737
80025,7119
80026,558
80027,6505
80028,10247
80029,4998
80030,852
80031,3299
80032,1626
80033,789
80034,915
80035,1624
80036,2556
80037,1781
80038,20078
80039,7114
80040,3080
80041,416
80042,5005
80043,12421
80044,2689
80045,6541
80046,1452
80047,506
80048,900
80049,5007
80050,11217
80051,2454
80052,3581
80053,6161
80054,6043
80055,5204
80056,2393
80057,18744
80058,525
80059,1141
80060,3798
80061,10361
80062,1158
80063,180369
80064,2321
80065,7775
80066,425
80067,6416
80068,1000
80069,14796
80070,777
80071,3030
80072,461
80073,2546
80074,3718
80075,1144
80076,529
80077,1653
80078,848
80079,589
80080,327
80081,4009
80082,1405
80083,1267
80084,890
80085,4852
80086,2656
80087,803
80088,18147
80089,1998
80090,225
80091,1360
80092,2541
80093,15458
80094,512
80095,2069
80096,13534
80097,5099
81001,45190
81002,2919
81003,6495
81004,11745
81005,15158
81006,31151
81007,5496
81008,27465
81009,4337
81010,3981
81011,82640
81012,51553
81013,11221
81014,7702
81015,10337
81016,1478
81017,1639
81018,10532
81019,4969
81020,4767
81021,67531
81022,12113
81023,1946
81024,8127
82001,3475
82002,1917
82003,1173
82004,8349
82005,10127
82006,54714
82007,6491
82008,1939
82009,11238
82010,4387
82011,4194
82012,1302
82013,7359
82014,8081
82015,3867
82016,478
82017,7645
82018,1237
82019,3193
82020,11604
82021,39049
82022,8619
82023,11688
82024,3256
82025,2992
82026,1008
82027,14309
82028,5130
82029,2728
82030,3629
82031,12264
82032,3953
82033,1668
82034,11008
82035,13006
82036,6565
82037,1788
82038,2284
82039,1835
82040,1172
82041,910
82042,1465
82043,7155
82044,3617
82045,6726
82046,6490
82047,2844
82048,29382
82049,38884
82050,6080
82051,3179
82052,1979
82053,663401
82054,31840
82055,3166
82056,2677
82057,6070
82058,3196
82059,2928
82060,4645
82061,1450
82062,2389
82063,5293
82064,8554
82065,1542
82066,1004
82067,11208
82068,2778
82069,418
82070,25861
82071,12688
82072,4306
82073,10496
82074,3140
82075,1318
82076,3454
82077,1882
82078,2623
82079,19960
82080,3301
82081,612
82082,956
83001,1861
83002,734
83003,2431
83004,868
83005,41221
83006,594
83007,5773
83008,3051
83009,13295
83010,4414
83011,3214
83012,775
83013,1260
83014,3014
83015,1118
83016,2370
83017,2311
83018,486
83019,2768
83020,1394
83021,1362
83022,471
83023,1078
83024,887
83025,3789
83026,657
83027,3298
83028,3820
83029,3204
83030,2464
83031,347
83032,9325
83033,6904
83034,1469
83035,1710
83036,1535
83037,706
83038,2822
83039,1616
83040,761
83041,12821
83042,1405
83043,1008
83044,666
83045,569
83046,1493
83047,2319
83048,232555
83049,31028
83050,1269
83051,938
83052,4590
83053,714
83054,2685
83055,582
83056,1541
83057,2161
83058,825
83059,700
83060,3667
83061,3641
83062,1284
83063,2113
83064,6242
83065,1140
83066,13215
83067,1282
83068,3904
83069,962
83070,772
83071,186
83072,4119
83073,1080
83074,627
83075,2006
83076,6598
83077,6967
83078,3523
83079,1889
83080,2733
83081,2775
83082,1243
83083,930
83084,12305
83085,1532
83086,4582
83087,884
83088,2972
83089,9394
83090,1337
83091,4648
83092,3865
83093,1761
83094,1972
83095,2628
83096,4939
83097,10831
83098,7363
83099,6155
83100,839
83101,2785
83102,998
83103,1308
83104,4014
83105,8390
83106,7344
83107,5612
83108,4474
84001,58956
84002,2803
84003,9362
84004,3525
84005,2605
84006,1293
84007,3502
84008,2009
84009,6129
84010,9737
84011,35778
84012,7858
84013,2865
84014,3591
84015,3372
84016,930
84017,32059
84018,5556
84019,1178
84020,6556
84021,36505
84022,1759
84023,12413
84024,2494
84025,2929
84026,7479
84027,22503
84028,16513
84029,8068
84030,12579
84031,11327
84032,4574
84033,18711
84034,5770
84035,3139
84036,7901
84037,2308
84038,6327
84039,1291
84040,4441
84041,40341
84042,4456
84043,1378
85001,928
85002,542
85003,4541
85004,61064
85005,2937
85006,4123
85007,73854
85008,1775
85009,11633
85010,2924
85011,1502
85012,10405
85013,26627
85014,1911
85015,11291
85016,22393
85017,5125
85018,5891
85019,6777
85020,1320
85021,3331
85022,1564
86001,8132
86002,4825
86003,5036
86004,12800
86005,4379
86006,4696
86007,5361
86008,1952
86009,27004
86010,3518
86011,12962
86012,13415
86013,3001
86014,21726
86015,6768
86016,7093
86017,737
86018,9094
86019,7557
86020,4732
87001,3548
87002,18480
87003,29073
87004,52065
87005,18135
87006,35430
87007,28083
87008,23832
87009,18856
87010,5197
87011,37883
87012,5149
87013,4495
87014,3129
87015,311584
87016,9438
87017,27444
87018,13152
87019,25424
87020,3078
87021,5270
87022,3766
87023,14337
87024,32200
87025,7186
87026,1054
87027,5334
87028,4682
87029,50037
87030,12178
87031,7484
87032,16488
87033,47600
87034,14673
87035,3950
87036,3049
87037,10826
87038,10712
87039,14610
87040,2647
87041,23562
87042,11811
87043,3196
87044,8002
87045,9411
87046,1570
87047,7682
87048,8533
87049,16887
87050,11092
87051,20267
87052,7901
87053,8783
87054,6029
87055,9625
87056,4026
87057,3747
87058,4020
88001,11431
88002,8128
88003,30073
88004,2923
88005,16317
88006,54268
88007,2942
88008,19427
88009,73373
88010,11009
88011,26962
88012,64040
89001,35872
89002,31218
89003,1924
89004,1007
89005,6933
89006,17629
89007,769
89008,2425
89009,22665
89010,12453
89011,23101
89012,13611
89013,24192
89014,22144
89015,8569
89016,21198
89017,121171
89018,8097
89019,8486
89020,3937
89021,11823
90001,1457
90002,1856
90003,43931
90004,618
90005,774
90006,13835
90007,557
90008,1804
90009,2715
90010,408
90011,950
90012,3494
90013,3340
90014,752
90015,277
90016,679
90017,3822
90018,900
90019,502
90020,896
90021,4049
90022,641
90023,5893
90024,426
90025,1613
90026,1307
90027,830
90028,382
90029,1507
90030,512
90031,830
90032,486
90033,8464
90034,879
90035,11192
90036,1849
90037,2489
90038,579
90039,491
90040,99
90041,2392
90042,1900
90043,857
90044,794
90045,1351
90046,2715
90047,60731
90048,4177
90049,3195
90050,2978
90051,5707
90052,10454
90053,632
90054,4196
90055,2990
90056,2353
90057,4481
90058,22126
90059,2569
90060,720
90061,537
90062,1259
90063,5377
90064,126870
90065,1332
90066,144
90067,7169
90068,855
90069,14775
90070,13902
90071,2896
90072,2406
90073,950
90074,2251
90075,1519
90076,2944
90077,4338
90078,2252
90079,4345
90080,2319
90081,1862
90082,1672
90083,2480
90084,3524
90085,1499
90086,612
90087,1374
90088,732
90089,1616
90090,2091
90091,5241
90092,5025
91001,1261
91002,2356
91003,1105
91004,797
91005,3974
91006,3589
91007,587
91008,533
91009,2762
91010,2546
91011,2072
91012,1316
91016,2277
91017,8556
91018,606
91019,558
91024,3838
91025,756
91026,1389
91027,2444
91028,2608
91031,1324
91032,2119
91033,2292
91035,3156
91037,5299
91038,492
91039,1303
91040,514
91041,1634
91042,2128
91043,1360
91044,9936
91046,2498
91047,1735
91050,295
91051,36154
91055,6988
91056,1269
91057,845
91058,363
91059,718
91060,892
91061,2835
91062,4155
91063,7081
91064,1991
91066,1123
91067,2286
91068,241
91069,772
91070,2263
91071,1603
91072,1837
91073,3023
91077,1675
91083,2084
91084,1693
91085,11444
91086,1621
91088,994
91089,3919
91090,667
91091,474
91093,1968
91094,2840
91095,11051
91097,1106
91098,1432
91099,1196
91100,532
91101,3124
91103,1944
91104,332
92003,26638
92009,154267
92011,23465
92015,8283
92037,8015
92050,7320
92051,70531
92066,5266
92068,28463
92074,21016
92075,6810
92080,17647
92090,8726
92099,2150
92105,13175
92108,9547
92109,19719
93001,250
93002,1306
93004,9189
93005,15731
93006,244
93007,9333
93008,2551
93009,6323
93010,8390
93011,861
93012,1534
93013,5188
93014,357
93015,912
93016,383
93017,18201
93018,2733
93019,372
93020,1565
93021,11746
93022,12642
93024,601
93025,11818
93026,1537
93027,4333
93028,2746
93029,7774
93030,1514
93031,3147
93032,15200
93033,51367
93034,8428
93035,3513
93036,5988
93037,19931
93038,4638
93039,1444
93040,4285
93041,15123
93042,2218
93043,6403
93044,12121
93045,290
93046,361
93047,1775
93049,721
93050,1324
93051,8517
93052,1676
93053,3929
94001,402
94002,4897
94003,691
94004,708
94005,745
94006,864
94007,1312
94008,1100
94009,312
94010,1618
94011,159
94012,485
94013,102
94014,1240
94015,213
94016,920
94017,1324
94018,179
94019,626
94020,673
94021,1883
94022,3084
94023,21749
94024,675
94025,1093
94026,1799
94027,1011
94028,2332
94029,513
94030,2118
94031,1641
94032,843
94033,253
94034,441
94035,707
94036,305
94037,625
94038,2297
94039,1095
94040,923
94041,520
94042,1082
94043,484
94044,1443
94045,705
94046,359
94047,298
94048,663
94049,717
94050,2254
94051,679
94052,11218
95001,2678
95002,431
95003,248
95004,1384
95005,364
95006,3872
95007,845
95008,371
95009,328
95010,82
95011,1280
95012,618
95013,669
95014,138
95015,1568
95016,158
95017,1256
95018,9152
95019,2581
95020,867
95021,4434
95022,460
95023,740
95024,866
95025,4771
95026,1046
95027,1494
95028,442
95029,4091
95030,696
95031,1770
95032,645
95033,1272
95034,469
95035,1760
95036,347
95037,1197
95038,31709
95039,1530
95040,295
95041,2189
95042,249
95043,2116
95044,664
95045,2961
95046,2596
95047,4795
95048,347
95049,2340
95050,2459
95051,1482
95052,2065
95053,1744
95054,443
95055,180
95056,907
95057,797
95058,311
95059,2204
95060,501
95061,228
95062,2370
95063,360
95064,142
95065,10151
95066,964
95067,1117
95068,515
95069,2805
95070,752
95071,304
95072,1599
95073,309
95074,1164
95075,1052
95076,348
95077,298
95078,120
95079,7852
95080,436
95082,1802
95083,639
95084,156
95085,459
95086,198
95087,1052
95088,241
96001,327
96002,3175
96003,1172
96004,43987
96005,886
96006,875
96007,2019
96008,133
96009,348
96010,1154
96012,7521
96013,190
96014,419
96015,820
96016,3626
96018,2881
96019,1801
96020,14534
96021,1498
96023,481
96024,720
96025,531
96026,3738
96027,113
96028,1514
96030,394
96031,557
96032,2094
96033,501
96034,571
96035,3794
96037,1354
96038,601
96039,972
96040,3902
96041,2691
96042,1520
96043,504
96044,178
96046,2112
96047,3784
96048,1192
96049,2370
96050,2113
96053,1509
96054,880
96055,91
96056,1605
96057,592
96058,1924
96059,2669
96063,1342
96064,769
96065,1070
96066,927
96067,280
96068,2447
96069,204
96071,2461
96072,216
96074,951
96075,477
96076,1247
96077,7666
96078,335
96079,185
96080,1411
96081,399
96082,1148
96083,1021
96085,2724
96086,502
96087,2041
96088,10825
97001,3205
97002,2856
97003,2303
97004,4049
97005,2399
97006,5081
97007,1306
97008,3185
97009,3407
97010,4594
97011,2932
97012,5413
97013,13867
97014,1452
97015,829
97016,13111
97017,4370
97018,515
97019,2598
97020,3869
97021,2379
97022,3801
97023,7921
97024,1740
97025,1167
97026,4782
97027,257
97028,1711
97029,1627
97030,2592
97031,2549
97032,316
97033,1219
97034,704
97035,766
97036,8513
97037,2521
97038,2722
97039,2485
97040,1993
97042,48333
97043,2115
97044,5068
97045,4373
97046,10256
97047,367
97048,14891
97049,8712
97050,491
97051,3593
97052,1888
97053,2699
97054,4174
97055,33
97056,3702
97057,9152
97058,6509
97059,7039
97060,1219
97061,4750
97062,3805
97063,351
97064,134
97065,1986
97067,914
97068,2221
97069,2229
97070,2263
97071,6386
97072,3127
97074,2169
97075,2309
97076,2824
97077,162
97078,1760
97079,534
97082,3428
97083,11491
97084,729
97085,296
97086,2821
97090,2089
97091,5619
97092,4716
97093,547
98001,277
98002,1118
98003,1770
98004,4311
98005,2437
98006,2720
98008,2930
98009,3145
98010,15293
98011,1546
98012,2984
98013,1603
98014,4646
98015,2873
98017,2164
98018,2189
98019,15991
98020,2344
98021,2913
98022,1129
98023,213
98024,1516
98025,2298
98026,2317
98027,1283
98028,2626
98029,2662
98030,2530
98031,45872
98032,7609
98033,66
98034,1385
98035,3098
98036,1718
98037,4550
98038,452
98039,1729
98040,2264
98041,5798
98042,2027
98043,1706
98044,1433
98045,1769
98046,2644
98047,1839
98048,3755
98049,3428
98050,13245
98051,1910
98052,1956
98053,1846
98054,3836
98055,3429
98056,6034
98057,927
98058,1543
98059,1708
98060,1850
98061,7446
98062,1498
99001,19569
99002,17143
99003,10595
99004,1146
99005,13400
99006,1367
99008,2233
99009,1011
99011,7128
99013,35181
99014,150576
99015,3059
99016,5603
99017,9452
99018,22295
99020,10036
99021,384
99022,810
99023,7136
99024,2767
99025,2902
99026,2087
99027,1084
99028,5227
99029,6826
100001,3106
100002,14835
100003,18821
100004,10143
100005,194590
100006,10137
100007,6084
101001,2245
101002,1607
101003,590
101004,2548
101005,962
101006,1113
101007,2735
101008,14715
101009,5442
101010,64710
101011,2993
101012,10410
101013,17848
101014,3482
101015,6277
101016,1126
101017,9035
101018,3332
101019,5638
101020,2069
101021,774
101022,2029
101023,1187
101024,3094
101025,6458
101026,810
101027,1751
102001,2282
102002,1421
102003,4358
102004,784
102005,992
102006,3236
102007,1154
102008,2010
102009,2047
102010,2117
102011,5209
102012,1845
102013,1404
102014,1925
102015,1660
102016,2111
102017,4404
102018,1913
102019,3556
102020,2138
102021,6701
102022,712
102023,1667
102024,1243
102025,6208
102026,1288
102027,9278
102028,1062
102029,942
102030,4976
102031,4489
102032,4128
102033,2186
102034,2641
102035,1297
102036,3035
102037,6584
102038,939
102039,1152
102040,2378
102041,799
102042,1458
102043,2424
102044,6269
102045,765
102046,1012
102047,33455
102048,719
102049,1763
102050,1937
103001,419
103002,407
103003,2012
103004,243
103005,103
103006,897
103007,478
103008,4919
103009,755
103010,503
103011,1468
103012,188
103013,711
103014,611
103015,1623
103016,910
103017,5120
103018,169
103019,3466
103021,297
103022,594
103023,679
103024,762
103025,4600
103026,1398
103028,18146
103029,1064
103031,442
103032,190
103033,2354
103034,1048
103035,7808
103036,199
103037,108
103038,233
103039,542
103040,405
103041,1379
103042,1478
103043,126
103044,2165
103045,382
103046,1272
103047,392
103048,861
103049,873
103050,15190
103051,3435
103052,1148
103053,1521
103054,2518
103055,730
103056,553
103057,1941
103058,252
103059,385
103060,736
103061,1318
103062,1292
103064,4870
103065,729
103066,417
103067,175
103068,1669
103069,1216
103070,382
103071,2017
103072,30505
103074,1195
103075,6522
103076,278
103077,1756
103078,315
103079,485
108001,15598
108002,2096
108003,6375
108004,17933
108005,7019
108006,7415
108007,11209
108008,15532
108009,12250
108010,16933
108011,6078
108012,35064
108013,4246
108014,2156
108015,17945
108016,7336
108017,7361
108018,6572
108019,39150
108020,8530
108021,15706
108022,3033
108023,41942
108024,26066
108025,7769
108026,8535
108027,35053
108028,46017
108029,7509
108030,23502
108031,4499
108032,5597
108033,123397
108034,23536
108035,23514
108036,5109
108037,4032
108038,3503
108039,44985
108040,23731
108041,8346
108042,4334
108043,8797
108044,10325
108045,13596
108046,7578
108047,4320
108048,9280
108049,13992
108050,26114
108051,6785
108052,5179
108053,10799
108054,15902
108055,4755
109001,3501
109002,3513
109003,626
109004,1912
109005,3285
109006,37119
109007,934
109008,3321
109009,1176
109010,1430
109011,937
109012,634
109013,1668
109014,407
109015,1123
109016,775
109017,6702
109018,12912
109019,370
109020,749
109021,352
109022,2167
109023,2379
109024,8118
109025,426
109026,694
109027,930
109028,559
109029,758
109030,2854
109031,2280
109032,1667
109033,16079
109034,26339
109035,2021
109036,1310
109037,17166
109038,2270
109039,352
109040,1985
110001,99671
110002,94564
110003,55251
110004,29657
110005,11708
110006,8719
110007,13714
110008,6365
110009,55851
110010,14511
111001,6189
111002,461
111003,771
111004,1123
111005,1240
111006,1053
111007,2753
111008,2886
111009,28009
111010,6151
111011,1653
111012,812
111013,4347
111014,9636
111015,1656
111016,6085
111017,2057
111018,2146
111019,576
111020,609
111021,2938
111022,1597
111023,806
111024,311
111025,1201
111026,835
111027,1211
111028,2017
111029,473
111030,4944
111031,6480
111032,970
111033,2659
111034,11564
111035,26515
111036,2615
111037,227
111038,1679
111039,2140
111040,1273
111041,4620
111042,5272
111043,1535
111044,3173
111045,877
111046,1231
111047,2480
111048,2142
111049,1549
111050,2190
111051,902
111052,2718
111053,590
111054,1397
111055,1186
111056,850
111057,5054
111058,940
111059,5098
111060,1638
111061,1218
111062,8483
111063,6002
111064,743
111065,8342
111066,3623
111067,8457
111068,3329
111069,1740
111070,2729
111071,11083
111072,3984
111073,1147
111074,1361
111075,4867
111076,2683
111077,9041
111078,4756
111079,653
111080,139
111081,1260
111082,808
111083,637
111084,3779
111085,1146
111086,1955
111087,1839
111088,1127
111089,3501
111090,1062
111091,1002
111092,420
111093,4166
111094,517
111095,1915
111096,13888
111097,2637
111098,3526
111099,1078
111100,654
111101,1296
111102,1079
111103,4665
111104,1031
111105,3730
111106,6920
111107,2597